,사업장명,맛,친절,가성비,양,혼밥,청결,인테리어,특별한날,특별한메뉴,단체모임,깨끗한화장실,주차,뷰,신선한재료,넓은매장
0,교촌치킨 마천1호점,71,12,3,2,0,4,2,0,5,0,0,0,0,10,0
1,꼬쟁이,31,6,17,0,0,2,2,0,3,1,0,0,0,0,0
2,와이브루,0,7,8,0,0,1,0,0,4,0,0,0,1,0,0
3,노상치킨(신논현점),12,3,7,1,0,1,1,2,2,2,0,0,0,1,2
4,봉구스밥버거 인헌점,75,13,34,14,15,0,3,0,4,1,0,0,0,4,1
5,에이바이트델리 망원,9,9,3,0,1,5,4,0,2,4,1,0,1,4,4
6,바다향그대로,9,3,1,0,0,2,0,0,3,0,1,0,0,6,0
7,스시현,47,8,10,1,6,14,7,0,5,0,1,0,0,13,3
8,한국포차,2,2,1,0,0,0,0,0,0,0,0,0,0,0,0
9,로찌,0,0,0,0,0,0,0,0,0,0,0,0,0,0,0
10,난랑,109,35,7,14,6,15,8,2,9,11,1,0,1,13,8
11,멍텅구리 꼼장어,54,20,8,1,0,2,0,0,8,7,1,0,1,8,3
12,이화수 염창점,161,31,23,52,22,28,0,1,6,1,2,0,3,15,13
13,회문가든,0,0,0,0,0,0,0,0,0,0,0,0,0,0,0
14,창고을만두,103,31,29,6,9,3,1,1,7,0,1,0,1,15,1
15,명품임실치즈피자,9,0,3,1,0,0,0,0,1,0,0,0,0,3,0
16,시골밥상,46,5,5,3,1,0,0,0,2,0,0,0,0,3,0
17,홍스(HONGS),0,56,7,0,0,40,55,0,15,0,11,0,0,0,0
18,BHC 비에이치씨 월곡점,48,10,6,3,1,0,2,1,3,1,0,0,0,6,2
19,두메골,28,6,12,9,1,2,0,0,0,5,0,0,0,6,7
20,육회공작소(미아삼거리점),31,15,7,4,1,9,5,1,4,2,0,0,0,9,2
21,해진식당,0,0,0,0,0,0,0,0,0,0,0,0,0,0,0
22,스시 이치바,60,19,20,10,6,10,5,1,7,0,3,0,1,12,4
23,대원,104,32,9,14,4,18,23,9,27,26,1,0,10,35,22
24,보영만두 서초교대점,104,31,35,21,45,39,5,2,18,5,1,0,0,29,6
25,리커피 로스터스(Re coffee roasters),0,8,1,0,0,6,8,0,2,0,0,0,0,0,0
26,Bistro Min(비스트로민),52,26,9,14,12,9,8,8,17,1,1,0,0,17,1
27,에릭클랩튼(Eric Clapton),0,0,0,0,0,0,0,0,0,0,0,0,0,0,0
28,우주집,50,38,17,6,1,20,7,0,22,7,2,0,0,22,0
29,미성정육식당 홍대점,53,23,21,7,0,10,3,1,9,9,3,0,2,25,7
30,카페 브레멘,0,13,3,0,0,5,4,0,0,0,0,0,1,0,0
31,바우네나주곰탕 까치산역점,59,22,13,9,13,7,1,1,2,2,1,0,0,6,1
32,쉼표,0,0,0,0,0,0,0,0,0,0,0,0,0,0,0
33,산동꾸냥 수제만두,35,7,9,1,8,1,3,0,20,0,0,0,0,8,0
34,대성식당,10,4,1,1,2,1,0,0,0,0,0,0,0,2,0
35,황태해장국,87,14,11,9,8,6,1,0,0,0,0,0,0,10,1
36,카페 잼잼,150,109,8,15,1,62,105,8,92,0,16,0,12,24,9
37,마곡다우리,0,168,0,0,0,43,0,0,0,0,0,0,0,0,5
38,바다,315,69,43,78,3,10,6,13,84,16,2,0,2,179,4
39,산쪼메 이수점,81,23,18,13,42,8,3,1,9,1,0,0,1,9,5
40,진주식당,172,66,36,18,2,52,15,9,6,85,3,0,83,61,119
41,이디야,0,58,68,0,0,54,25,0,43,0,8,0,32,0,0
42,더엘씨,0,56,10,0,0,59,71,0,25,0,14,0,20,0,0
43,꼬리야,13,2,1,0,1,1,0,0,1,0,1,0,0,2,2
44,청국장앤스토리,33,16,11,7,5,2,1,0,4,0,0,0,0,5,1
45,매운국물떡볶이 밀방떡 마포공덕점,2,0,0,0,0,0,0,0,0,0,0,0,0,0,0
46,나리,41,18,9,0,0,9,7,0,9,12,3,0,0,0,0
47,옹달샘 아구찜,9,0,0,1,0,0,0,0,0,0,0,0,0,1,0
48,치카잇카이,1,1,0,0,0,1,0,0,0,0,1,0,0,0,0
49,김밥천국,123,33,67,30,62,17,0,1,6,4,1,0,1,25,9
50,참숯민물장어구이,32,11,4,1,0,1,1,1,2,2,0,0,0,8,1
51,엉터리생고기,110,36,86,41,2,6,2,0,7,16,2,0,1,24,20
52,용두포구,31,10,5,7,1,3,0,0,10,2,2,0,0,17,1
53,선진,0,0,0,0,0,0,0,0,0,0,0,0,0,0,0
54,술판,5,0,2,0,0,1,0,0,2,0,0,0,0,0,0
55,쿨쉽,0,4,1,0,0,4,2,0,3,0,4,0,0,0,0
56,맛있는나라,1,1,0,0,0,0,0,0,0,0,0,0,0,0,0
57,달구지,16,6,14,6,4,1,0,0,4,0,1,0,0,4,0
58,행수곱창,303,227,75,74,8,142,13,9,75,20,55,0,2,207,7
59,버즈,0,0,0,0,0,0,0,0,0,0,0,0,0,0,0
60,미소의집,75,12,19,9,4,4,1,0,6,1,0,0,1,4,1
61,코리엔탈깻잎두마리치킨성수점,11,2,10,4,0,1,0,0,2,0,0,0,0,2,0
62,에이엔아더,0,73,29,0,0,38,58,0,20,0,1,0,7,0,0
63,빅토리아,0,11,0,0,0,1,0,0,0,0,0,0,0,0,0
64,꼬지나라,0,0,0,0,0,0,0,0,0,0,0,0,0,0,0
65,신돈,25,13,1,0,3,1,0,0,2,2,0,0,0,4,0
66,카츠와이찌,0,0,0,0,0,0,0,0,0,0,0,0,0,0,0
67,아웃백딜리버리 당산점,38,8,4,3,1,1,0,1,7,1,1,0,1,8,0
68,바다사랑,41,19,13,10,3,11,1,4,5,8,6,0,1,26,13
69,화전밭 밀국수,10,5,1,1,1,1,0,0,0,0,0,0,0,1,0
70,위징쉔,34,5,4,6,2,3,1,1,4,2,0,0,0,7,1
71,빨봉분식 고척점,19,6,9,5,2,2,3,1,2,0,0,0,0,3,3
72,평양옥,65,17,3,6,3,6,10,1,15,1,2,0,0,14,1
73,동춘돌곱창,17,9,1,3,1,5,0,1,1,1,1,0,0,3,1
74,마더스닭강정,42,18,12,4,1,6,1,1,2,0,0,0,2,13,0
75,포모르,0,72,11,0,0,41,151,0,39,0,9,0,24,0,0
76,삼청동샤브 왕십리역점,300,65,41,19,66,49,20,1,23,5,2,0,1,129,39
77,처갓집양념치킨(창5점),25,11,5,4,2,1,0,0,1,3,0,0,0,4,2
78,일등수산,54,24,33,17,0,5,1,0,3,1,1,0,0,41,12
79,목포회관,46,13,12,11,1,4,1,0,1,3,0,0,0,8,0
80,노머시버거(No Mercy Burger),37,11,9,6,11,10,8,1,7,0,0,0,1,18,0
81,둘둘치킨,28,25,8,4,2,4,0,2,2,6,2,0,0,4,8
82,쿠시그릴,6,5,1,0,2,2,3,0,3,0,0,0,0,1,0
83,본죽&비빔밥(굽은다리역점),66,23,8,10,12,15,1,1,4,1,0,0,1,22,4
84,엠지엠,1,2,1,0,0,1,1,0,0,0,1,0,0,0,0
85,런 라운지,0,6,6,0,0,1,3,0,1,0,0,0,0,0,0
86,곰탕집,35,9,8,5,6,7,0,3,5,1,3,0,0,7,7
87,서경,0,0,0,0,0,0,0,0,0,0,0,0,0,0,0
88,싸다김밥 강남역점,418,64,206,70,259,75,9,3,33,0,2,0,7,95,37
89,마천골 살치살 전문점,11,3,9,2,6,1,0,0,0,0,0,0,0,5,0
90,술의온도,28,12,8,0,0,1,2,0,5,5,1,0,0,0,0
91,갤러리&다이닝펍담,3,0,2,0,0,0,0,0,0,0,0,0,0,0,0
92,치킨마루 방학역 신도봉시장점,16,14,23,7,3,0,1,0,1,0,0,0,0,3,1
93,히네꼬,16,2,2,6,7,2,1,0,1,0,0,0,0,1,0
94,낭만,2,1,1,1,0,0,1,0,1,0,0,0,0,1,0
95,순이빈대떡,19,5,3,1,1,0,0,0,0,1,1,0,0,0,0
96,도치피자,157,54,12,4,1,27,38,25,29,15,8,0,3,47,11
97,옛날집,109,71,83,11,3,10,2,0,7,13,11,0,0,33,10
98,마당바위,35,18,17,7,4,1,1,0,2,1,0,0,9,8,2
99,자매식당,8,2,2,1,3,1,0,0,1,0,0,0,0,2,0
100,스시카야 논데,41,21,24,0,0,4,2,0,21,0,0,0,0,0,0
101,복코돼지,21,8,6,5,0,7,2,0,6,0,0,0,1,11,0
102,일품곱창,34,16,3,7,1,3,2,1,1,4,0,0,0,3,0
103,호랑이 돈까스,25,0,4,4,1,0,0,0,0,0,0,0,0,4,0
104,장수식당,4,0,1,0,1,0,0,0,0,0,0,0,0,0,0
105,고기극찬 중랑점,4,1,3,2,0,0,0,0,1,0,0,0,0,1,0
106,진 막창,67,25,12,18,0,9,0,2,8,4,3,0,0,22,18
107,MOMENT 모멘트,0,0,0,0,0,0,0,0,0,0,0,0,0,0,0
108,스타호프,15,21,9,0,0,3,3,0,3,5,2,0,0,0,0
109,걸작떡볶이 가양점,63,9,15,15,1,1,1,0,7,0,0,0,0,6,0
110,북촌손만두 목동점,160,38,31,26,37,19,1,0,12,3,3,0,1,25,27
111,차이나,92,18,7,9,10,12,7,4,16,4,4,0,0,19,2
112,재동식당,164,447,66,112,178,192,316,67,437,7,36,0,19,482,130
113,치킨매니아(방학1호점),51,14,6,5,0,1,0,1,1,3,0,0,1,5,1
114,중화요리 지엔,27,7,5,8,2,1,1,0,4,0,0,0,0,8,0
115,옥자회관,142,52,18,27,39,19,7,4,24,1,6,0,0,45,2
116,비스트로1492,11,6,1,1,0,3,5,2,1,1,0,0,2,2,3
117,남도미가,0,0,0,0,0,0,0,0,0,0,0,0,0,1,0
118,클럽라운지,176,174,59,0,4,94,85,132,64,0,32,0,44,88,16
119,아쭈,53,22,20,11,5,10,9,2,9,4,3,0,1,14,14
120,가부,181,33,23,43,19,20,4,2,21,3,4,0,0,41,3
121,루프,17,26,1,0,0,4,26,0,4,2,6,0,0,0,0
122,제주돈가,82,26,32,21,28,8,0,0,8,0,0,0,0,12,1
123,풍산소금구이,27,8,2,1,0,2,0,3,0,2,2,0,0,8,0
124,양푼비빔밥,137,21,41,36,35,17,0,0,10,1,6,0,0,28,31
125,하얼빈양꼬치,50,15,21,10,11,11,1,0,9,6,0,0,0,7,12
126,물꽁 아구찜,38,17,8,11,0,9,1,0,2,1,3,0,0,15,5
127,지타워컨벤션,0,0,0,0,0,0,0,0,0,0,0,0,0,0,0
128,벌떡떡볶이 이수점,7,1,3,2,0,1,0,0,0,0,0,0,0,2,0
129,혜성커피숍,0,0,0,0,0,0,0,0,1,0,0,0,0,0,0
130,처갓집양념치킨 개봉2점,31,15,10,6,1,0,2,1,5,1,2,0,2,4,3
131,서초닭갈비,15,8,9,0,0,0,0,0,0,1,0,0,0,1,0
132,산동내,158,36,23,21,5,3,5,6,42,5,0,0,2,25,3
133,레오펍,26,5,19,4,7,6,3,1,2,0,2,0,0,2,0
134,까치분식,28,8,13,3,4,3,1,0,2,0,0,0,0,2,0
135,비에르 에 프리트,10,1,4,0,0,0,0,0,2,0,0,0,0,0,0
136,우감만족,0,0,0,0,0,0,0,0,0,0,0,0,0,0,0
137,마실,147,38,40,15,1,13,1,18,1,41,2,0,1,29,19
138,미에뜨,109,43,7,6,0,17,30,38,22,11,5,0,28,30,6
139,석다원,0,1,0,0,0,0,0,0,0,0,0,0,0,0,0
140,삼백집,77,15,18,4,27,7,1,0,6,0,5,0,0,7,22
141,정원 숯불갈비,22,7,5,10,0,0,0,0,0,3,0,0,0,5,1
142,호남집,6,1,0,0,0,0,0,0,1,0,0,0,0,0,0
143,와우살롱,0,1,0,0,0,0,0,0,0,0,0,0,0,0,0
144,건안식당,10,3,2,3,1,0,0,0,0,0,0,0,0,0,0
145,마산뚱보할매아구찜,20,3,1,3,1,0,0,2,1,1,1,0,0,3,1
146,호치킨,140,66,90,19,5,12,2,0,9,4,1,0,0,37,2
147,김봉환의 오류닭발,29,10,8,9,0,8,0,1,3,3,3,0,0,7,1
148,팥이야기,114,17,18,24,9,9,0,0,15,2,1,0,1,19,1
149,꼬 닭스,3,4,0,0,0,0,0,0,0,1,0,0,0,0,0
150,은화수식당,30,10,9,3,3,6,3,0,3,1,0,0,1,1,5
151,참식당,30,10,0,3,0,3,1,2,5,1,1,0,0,10,2
152,막퍼주는집,17,8,8,3,1,2,0,0,0,0,0,0,0,3,0
153,다오리,65,21,20,12,9,2,1,0,6,3,0,0,1,14,1
154,금복이네,11,6,4,4,2,0,0,0,1,0,0,0,0,3,0
155,늘비식당 서울점,8,3,6,4,2,1,0,0,3,0,0,0,0,4,0
156,뽀빠이분식,0,0,0,0,0,0,0,0,0,0,0,0,0,0,0
157,스시이타,23,2,9,1,8,0,2,1,3,0,0,0,0,8,1
158,동락,24,13,4,1,5,6,1,1,11,0,1,0,0,3,1
159,스시통,109,52,47,30,11,17,5,7,17,17,2,0,3,34,43
160,고기로,10,6,4,2,2,0,0,0,0,0,0,0,0,1,1
161,지랄닭발,27,1,2,4,0,0,0,0,3,0,0,0,0,3,0
162,덩크트레이,5,2,0,0,0,1,4,0,2,1,0,0,0,0,0
163,샤데이,0,0,1,0,0,0,0,0,0,0,0,0,0,0,0
164,가네끼스시,39,15,8,13,4,6,4,9,11,0,1,0,0,20,0
165,타만타(Tamantar),0,4,0,0,0,2,9,0,6,0,1,0,0,0,0
166,태강종합물산,0,0,0,0,0,0,0,0,0,0,0,0,0,0,0
167,멕시칸라이브그릴 노원점,24,15,4,3,4,5,1,1,6,1,0,0,0,12,1
168,비비큐양천구청점,24,11,3,3,0,4,2,0,1,0,0,0,0,5,0
169,커피 더주다,0,0,0,0,0,0,0,0,0,0,0,0,0,0,0
170,정우김밥,29,21,13,2,13,1,0,0,1,0,0,0,0,11,0
171,예나(YENA),0,4,2,0,0,2,1,0,2,0,0,0,1,0,0
172,공만치킨 석촌점,54,31,37,38,6,16,10,5,32,8,2,0,5,29,12
173,범고래,0,9,4,0,0,7,2,0,2,0,0,0,0,0,0
174,김치만 선생,106,42,45,28,15,5,1,0,9,3,0,0,0,10,0
175,불꽃,20,2,8,4,5,0,0,0,0,0,0,0,0,1,1
176,신통치킨,4,4,1,0,0,1,0,0,0,0,0,0,0,1,0
177,낙원건강식,1,0,0,1,0,0,0,0,1,0,0,0,0,0,0
178,양돈,0,0,0,0,0,0,0,0,0,0,0,0,0,0,0
179,유미식당,15,13,10,2,8,6,1,0,0,0,0,0,0,7,0
180,무지개호프,28,9,13,0,0,7,12,0,6,5,1,0,0,0,0
181,에보니,0,1,0,0,0,1,0,0,0,0,0,0,0,0,0
182,한신포차 송파 방이점,66,18,28,0,0,7,0,0,5,7,5,0,0,0,0
183,집밥정식,16,2,7,2,3,1,0,0,0,0,0,0,0,1,0
184,은행나무포장마차,17,6,9,0,0,4,2,0,0,5,3,0,0,0,0
185,떼구르르 보드게임 카페,0,15,5,0,0,0,0,0,0,8,6,0,0,0,0
186,명태어장(신당점),61,15,12,9,5,10,0,0,6,3,1,0,1,11,6
187,발리,0,9,0,0,0,0,3,0,0,0,0,0,0,0,0
188,카페 플랜제로 마곡점(Cafe PLANZERO),0,24,7,0,0,64,30,0,5,0,12,0,3,0,0
189,호우양꼬치,46,27,8,11,0,13,1,0,12,6,2,0,0,23,1
190,세미콜론,0,0,0,0,0,0,0,0,0,0,0,0,0,0,0
191,풍류,22,11,5,0,0,3,3,0,1,7,1,0,0,0,0
192,산골닭갈비,128,22,19,19,2,1,0,0,9,3,0,0,1,23,1
193,대도식품,0,0,0,0,0,0,0,0,0,0,0,0,0,0,0
194,생고기전문점,64,32,36,12,5,4,0,1,4,4,6,0,0,13,9
195,달,0,50,20,0,0,26,31,0,48,0,10,0,30,0,0
196,즐겁소,117,74,16,17,7,50,55,24,9,47,25,0,4,60,51
197,명륜진사갈비 신촌점,102,33,92,51,0,13,5,2,8,20,1,0,2,22,40
198,보성식당,2,1,3,2,0,0,0,0,0,0,0,0,0,1,0
199,인차이나,42,14,11,6,7,3,1,0,4,4,1,0,1,7,4
200,옹헤야불백,144,19,43,29,58,10,2,0,3,1,1,0,1,21,1
201,(주)뽕족 구로디지털점,84,33,14,9,8,9,2,1,6,9,2,0,1,12,12
202,인생짬뽕,61,26,9,30,6,19,2,1,6,0,1,0,0,21,7
203,삼대맛집 명인멸치칼국수,108,30,25,44,25,9,0,2,7,0,3,0,6,21,0
204,예산한우,42,16,5,4,3,1,1,0,2,6,0,0,0,10,2
205,미스터피자 청담점,39,17,12,4,2,13,1,0,4,2,2,0,0,4,3
206,브로스,43,23,11,9,22,7,2,0,8,0,1,0,0,14,1
207,국시와가래떡,21,3,12,3,7,1,1,0,1,1,0,0,0,4,3
208,복성루,53,24,6,6,6,1,0,0,4,0,0,0,1,3,0
209,우리식당,20,5,6,3,0,1,1,0,3,0,0,0,1,2,0
210,미강,0,0,0,0,0,0,0,0,0,0,0,0,0,0,0
211,일광정사,0,0,0,0,0,0,0,0,0,0,0,0,0,0,0
212,송죽헌,36,13,4,5,1,5,3,3,0,3,0,0,0,8,2
213,참양,33,16,5,1,1,10,0,1,2,0,1,0,0,15,1
214,깜꼬치킨 둔촌직영점,29,10,16,4,0,1,1,0,4,1,1,0,0,4,0
215,세수대야냉면,27,11,9,9,8,3,1,0,0,1,1,0,0,3,2
216,성진,0,1,1,0,0,0,0,0,0,0,0,0,0,0,0
217,스시코하루,32,15,16,9,4,8,2,3,9,0,0,0,0,18,0
218,전티마이 베트남 쌀국수 이화여대점,95,26,89,24,61,13,0,0,4,2,1,0,1,5,27
219,선유서가,0,4,2,0,0,1,4,0,4,0,0,0,1,0,0
220,네네치킨,40,7,4,8,2,2,1,0,4,0,1,0,1,9,0
221,누들하우스(NOODLE HOUSE),36,14,8,7,27,7,6,0,4,0,0,0,0,7,1
222,대초원샤브샤브,0,0,0,0,0,0,0,0,0,0,0,0,0,0,0
223,땅끝마을,62,20,18,13,10,7,0,1,11,1,2,0,0,13,3
224,혜수네식당,2,0,0,0,0,0,0,0,0,0,0,0,0,0,0
225,제주상회,0,0,0,0,0,0,0,0,0,0,0,0,0,0,0
226,에디슨치킨,40,16,24,8,2,2,0,0,2,0,0,0,0,8,1
227,동탄마약떡볶이 위례중앙점,119,33,60,9,6,5,0,1,4,2,2,0,2,21,1
228,꼬꼬치킨,15,9,8,7,0,0,1,0,0,0,0,0,0,4,0
229,양푼,67,22,24,38,11,5,0,0,3,0,0,0,1,10,0
230,성북다방,0,0,0,0,0,0,0,0,0,0,0,0,0,0,0
231,둥지,2,1,0,0,0,0,0,0,0,0,0,0,0,0,0
232,풀리쉬랩,0,88,23,0,0,70,104,0,51,0,14,0,58,0,0
233,크래프트 한스,33,9,7,0,0,1,2,0,1,1,0,0,0,0,0
234,왕비 마라탕,66,34,34,28,18,12,0,0,7,1,2,0,0,23,1
235,성원,106,65,10,24,12,38,22,11,7,27,21,0,2,37,27
236,아바이 순대국,22,3,4,2,5,1,1,0,1,0,1,0,0,2,1
237,메이탄,192,54,13,16,7,45,9,8,18,19,4,0,0,46,38
238,돈꼬레,47,24,16,16,2,5,2,2,3,7,2,0,1,15,9
239,최신족발,71,27,16,17,3,10,1,2,9,2,2,0,0,4,7
240,교촌치킨 신대방삼거리점,162,39,11,10,4,15,3,1,15,2,0,0,1,23,5
241,엄마반찬,7,6,2,0,0,0,0,0,0,0,0,0,0,3,0
242,카페 sun,0,1,1,0,0,2,1,0,3,0,0,0,1,0,0
243,친구야,15,3,4,0,0,0,1,0,1,3,0,0,0,0,0
244,에스,19,13,1,5,5,10,3,1,11,0,0,0,0,7,0
245,Whim 윔,33,33,9,2,4,21,31,1,15,0,9,0,1,13,1
246,계탄언니,122,53,25,28,4,27,32,0,27,9,0,0,2,15,15
247,호호반점 성수낙낙점,131,50,49,31,41,70,46,5,35,5,11,0,1,33,28
248,장수한방삼계탕,118,58,22,22,6,37,3,2,20,3,0,0,1,46,3
249,87족발,14,7,6,3,0,0,0,0,1,0,0,0,0,5,0
250,강원도집,0,0,0,0,0,0,0,0,0,0,0,0,0,0,0
251,거금도갯장어마을,18,7,6,5,2,3,0,1,5,1,0,0,4,8,2
252,궁중추어탕,3,1,1,2,1,0,0,0,0,0,0,0,0,0,0
253,박군치킨 강남수서점,0,0,0,0,0,0,0,0,0,0,0,0,0,0,0
254,삼성식당,717,167,69,29,28,122,37,71,329,39,12,0,3,135,158
255,비어테라스,5,3,3,0,0,0,1,0,0,2,0,0,0,0,0
256,해피데이,0,0,0,0,0,0,0,0,0,0,0,0,0,0,0
257,삼우식당,11,4,4,2,1,0,0,0,0,0,1,0,0,2,0
258,사운드키친,111,72,15,27,36,32,23,2,45,1,6,0,2,88,0
259,더 그리핀,1,10,1,0,0,3,9,0,1,1,2,0,0,0,0
260,킴자매올다이닝,5,0,1,1,0,0,0,0,0,0,0,0,0,0,0
261,이디야커피 송파한양점,0,22,14,0,0,12,1,0,0,0,3,0,3,0,0
262,카빙당,17,9,10,4,7,1,0,0,2,0,0,0,0,2,0
263,카페브레송,0,5,2,0,0,1,3,0,1,0,0,0,0,0,0
264,성원코리아,0,0,0,0,0,0,0,0,0,0,0,0,0,0,0
265,본도시락,53,12,8,5,7,2,0,0,3,0,0,0,0,14,0
266,지하102호,51,27,11,0,0,9,12,0,15,1,7,0,0,0,0
267,라밥,168,37,64,32,85,18,2,0,15,1,0,0,2,40,2
268,우주,2,1,0,0,0,0,0,0,2,0,0,0,0,0,0
269,거나,16,11,7,3,2,3,9,1,6,0,1,0,0,10,0
270,전북집,27,12,9,2,1,1,0,1,3,3,2,0,2,6,2
271,경복 너랑나랑호프,39,13,5,0,0,5,0,0,14,7,1,0,0,0,0
272,원할머니보쌈목동사거리점,45,14,8,5,3,5,0,2,3,1,2,0,1,7,5
273,생태명가,95,23,19,15,2,6,2,1,4,7,0,0,0,9,7
274,최원석의돼지한판&서해쭈꾸미건대1호점,70,25,6,7,2,19,3,1,7,12,0,0,0,23,16
275,두번째이야기,11,7,6,0,0,0,1,0,1,0,0,0,0,0,0
276,돈뼈락연탄갈비,88,18,21,15,0,3,0,2,11,8,1,0,0,13,8
277,8번지,0,2,0,0,0,0,0,0,0,0,0,0,0,0,0
278,퍼콜레이트,0,19,0,0,0,12,4,0,5,0,4,0,1,0,0
279,선명,35,28,4,0,0,7,6,0,19,0,0,0,0,0,0
280,모두의떡볶이,2,0,0,0,0,0,0,0,0,0,0,0,0,2,0
281,짱구호프,0,0,0,0,0,0,0,0,0,0,0,0,0,0,0
282,굽네치킨 당산2동점,38,16,17,1,2,7,0,0,3,0,0,0,0,6,0
283,용춘,14,3,4,0,0,0,0,0,1,1,0,0,0,0,0
284,본죽앤비빔밥장승배기역점,223,86,28,38,52,64,4,0,17,2,3,0,3,58,41
285,그리들,14,8,7,0,0,6,2,0,4,4,0,0,0,0,0
286,야곱의축복 신촌점,62,23,15,25,0,4,1,0,8,1,1,0,0,8,1
287,가락보쌈,195,75,52,80,0,29,9,1,23,31,3,0,1,41,25
288,신대박 700 양꼬치,9,6,3,1,0,1,0,0,1,0,0,0,0,3,3
289,떡볶이순정,48,23,22,4,10,4,0,0,2,0,0,0,0,3,0
290,남산옥,138,53,21,21,13,10,2,0,6,11,2,0,0,16,23
291,캐치,0,15,2,0,0,6,11,0,1,0,5,0,3,0,0
292,신선푸드,20,14,13,10,5,2,1,0,3,0,0,0,0,11,1
293,즐거운세상,1,5,1,0,0,0,1,0,0,1,0,0,0,0,0
294,브라더한정식도시락 여의도점,8,2,4,1,2,1,0,0,1,1,0,0,0,4,0
295,우리집손두부,303,66,119,58,16,6,2,6,40,9,2,0,4,75,5
296,이루다,1,1,0,0,0,0,1,0,1,0,0,0,0,0,0
297,사또집,16,5,3,7,3,0,0,0,1,1,0,0,0,3,0
298,천리향,30,9,7,8,5,2,0,0,0,0,0,0,0,4,0
299,남매칼국수,13,8,5,3,3,1,0,1,1,0,0,0,0,1,0
300,이비자,0,30,13,0,0,28,35,0,3,0,20,0,15,0,0
301,현가츠,98,24,20,16,18,20,4,1,7,4,2,0,3,24,13
302,피자애 삼각산점,37,14,22,2,3,7,3,0,0,0,0,0,0,8,0
303,신의주 부대찌개,109,31,15,24,5,20,0,0,6,4,2,0,1,17,9
304,명지각,12,0,2,2,1,0,0,0,0,0,0,0,0,1,0
305,마루,4,0,0,0,0,0,0,0,0,0,0,0,0,0,0
306,청진동해장국,4,3,1,2,2,0,0,0,0,0,0,0,0,0,0
307,아모르,0,62,2,0,0,28,27,0,35,0,6,0,3,0,0
308,부산아지매국밥 도곡점,60,29,9,10,34,25,0,0,5,3,0,0,0,6,4
309,밥짓는집,115,37,16,7,34,8,7,0,5,1,3,0,4,17,7
310,세컨디포레스트 송리단길점,752,388,149,287,19,286,226,99,271,12,24,0,23,198,40
311,맘스터치 독산지식산업센터점,255,71,73,33,83,46,3,2,22,3,5,0,1,41,6
312,키친 브로망스,66,33,16,16,0,10,35,22,31,4,0,0,1,29,7
313,명원,50,18,8,6,10,1,0,1,0,0,0,0,0,10,1
314,이모네,25,9,2,7,0,0,0,0,0,1,0,0,0,0,0
315,도라무통즉석떡볶이,119,53,42,50,2,21,6,0,6,9,1,0,2,24,16
316,김밥천국,181,40,82,19,95,15,2,1,1,1,3,0,0,9,5
317,드래그,0,15,9,0,0,5,9,0,5,0,0,0,0,0,0
318,통큰갈비,134,80,72,42,1,16,4,3,6,22,4,0,2,25,27
319,황제,0,2,0,0,0,2,0,0,0,0,0,0,0,0,0
320,카페플러스,0,5,4,0,0,3,2,0,1,0,0,0,1,0,0
321,키움참치,27,20,7,9,0,6,0,3,14,6,0,0,0,25,5
322,둘둘치킨,42,22,5,3,0,1,0,0,0,1,1,0,1,0,0
323,그린호프,0,0,0,0,0,0,0,0,0,0,0,0,0,0,0
324,미스터마,3,6,2,0,0,3,3,0,0,2,2,0,0,0,0
325,더 플레이스 코엑스점,657,243,104,57,5,179,188,132,173,125,12,0,9,165,350
326,오미야게,57,18,7,6,8,4,0,0,7,0,0,0,0,22,0
327,남길참치,73,21,25,12,3,17,7,5,8,14,2,0,1,34,18
328,네네치킨면목2점,24,1,1,3,2,1,0,0,1,0,1,0,0,3,5
329,24시 찹쌀순대,252,48,41,46,60,21,2,2,5,10,5,0,2,34,37
330,완도집,26,10,9,0,2,2,0,1,1,2,0,0,2,3,2
331,은하별,1,1,2,0,0,2,1,0,2,0,0,0,0,0,0
332,문학식당,15,6,3,3,3,0,0,0,0,0,0,0,0,3,0
333,한씨네춘천닭갈비,32,8,8,11,0,1,0,1,6,3,1,0,0,5,3
334,호남식당,10,4,1,2,2,0,0,0,2,0,0,0,1,3,1
335,신전떡볶이,108,22,26,17,14,1,0,0,3,0,0,0,1,5,1
336,가마로강정 왕십리점,2,2,0,0,0,1,0,0,0,0,0,0,0,0,0
337,라비냐,1,0,0,0,0,0,0,0,0,0,0,0,0,0,0
338,가마솥 바베큐,7,0,1,2,0,0,0,0,1,0,0,0,0,0,0
339,원조 황소곱창,84,48,6,21,0,24,4,8,28,19,14,0,0,27,19
340,우장산 정육 식당,129,98,47,41,1,51,1,21,8,26,12,0,0,33,13
341,엽기떡볶이,144,28,20,43,7,10,1,1,10,3,1,0,1,17,22
342,삼정종합어시장,109,43,56,23,5,17,4,5,11,11,6,0,3,46,26
343,또온나 불닭,15,7,3,0,1,5,2,1,5,1,1,0,1,3,0
344,한신수제김밥,6,4,3,0,1,1,0,0,0,0,0,0,0,1,0
345,노고산갈비,35,12,12,5,0,2,2,1,0,2,1,0,0,7,0
346,카페크렘므,0,15,10,0,0,0,1,0,1,0,0,0,0,0,0
347,팔도식당,0,0,0,0,0,0,0,0,0,0,0,0,0,0,0
348,서강추어탕,11,0,3,0,0,0,0,1,2,0,1,0,0,2,0
349,불광사철탕,15,8,1,4,5,2,0,1,3,0,0,0,1,2,0
350,너와나,41,5,9,9,0,1,0,1,5,0,0,0,0,11,0
351,단또,12,2,0,0,1,1,0,0,3,3,0,0,1,0,1
352,밀방떡,40,12,12,14,4,8,2,1,10,1,0,0,0,4,2
353,국민낙곱새 송파점,4,1,1,1,0,2,0,0,0,0,0,0,0,2,0
354,개성손만두,235,63,49,54,7,24,4,3,15,21,3,0,3,64,65
355,원푸드,3,1,1,0,0,1,0,0,0,0,1,0,0,2,0
356,북경원,81,16,19,13,5,10,3,1,19,3,1,0,0,7,0
357,토핑빨 고대안암점,20,6,7,3,0,2,1,0,5,0,0,0,0,4,0
358,울엄마김밥,9,1,0,1,2,0,0,0,0,0,0,0,0,0,0
359,스시덴고쿠 동대문현대아울렛점,105,39,10,3,29,32,7,6,10,0,5,0,0,37,9
360,우노한우곱창,20,4,2,8,1,3,0,0,4,0,0,0,1,9,3
361,이문 설농탕,438,105,48,91,78,34,7,7,59,26,9,0,2,106,108
362,어반나이프,42,10,9,7,2,4,4,8,29,2,7,0,2,13,2
363,문래돼지불백,85,14,22,17,19,8,0,0,2,0,1,0,1,10,3
364,계백,0,0,0,0,0,0,0,0,0,0,0,0,0,0,0
365,계림불고기,3,0,0,0,0,0,0,0,0,0,0,0,0,0,0
366,일신정육식당,65,23,10,4,7,6,1,1,3,7,1,0,1,15,8
367,맥주창고,14,2,4,0,0,0,1,0,3,1,1,0,0,0,0
368,태능숯불갈비,55,17,12,3,2,3,1,3,2,5,1,0,0,10,7
369,고기의 품격,33,10,5,9,0,5,2,0,7,2,0,0,0,11,0
370,토오베,0,60,5,0,0,48,52,0,115,0,8,0,31,0,0
371,뼈 사부,9,3,4,1,3,3,0,0,0,3,0,0,0,0,0
372,엔유,0,0,0,0,0,0,0,0,0,0,0,0,0,0,0
373,최고식당가,37,11,6,5,4,2,0,0,1,0,0,0,0,6,0
374,카페엘디아,55,21,16,2,4,15,27,11,11,1,1,0,15,6,15
375,프라임,0,0,0,0,0,0,0,0,0,0,0,0,0,0,0
376,황해도찹쌀순대,33,10,6,3,1,2,0,0,0,0,0,0,0,3,2
377,뜨락,4,1,2,0,0,0,0,0,0,0,0,0,0,0,0
378,본도시락마포역점,56,11,13,10,5,3,0,0,5,1,1,0,2,12,0
379,도로시파스타 회기이문점,1,0,1,1,0,0,0,0,0,0,0,0,0,1,0
380,김천재의 유념떡볶이,193,40,65,57,37,68,68,2,90,5,19,0,3,62,74
381,병천순대,21,10,9,5,6,1,0,0,1,0,0,0,1,5,0
382,최고집,53,24,7,5,3,3,0,2,4,7,0,0,1,9,16
383,회 한접시,95,42,63,28,3,12,0,3,4,3,3,0,0,63,1
384,와포,9,5,5,2,0,1,0,0,0,2,0,0,0,2,1
385,남원추어탕,176,28,31,29,20,9,3,0,6,8,1,0,4,18,8
386,권서방네순대국,23,15,12,8,2,1,0,0,1,9,2,0,0,2,1
387,분식,66,23,3,1,0,4,2,4,30,3,2,0,0,47,1
388,서촌길돈까스,99,52,27,31,22,8,2,1,17,2,2,0,2,10,15
389,라라포 분짜 쌀국수,106,40,17,10,7,26,11,3,9,3,1,0,2,23,8
390,고향만두전문점,180,55,46,26,5,10,2,2,7,2,2,0,2,32,1
391,푸라닭 마곡역점,70,12,8,4,0,0,0,0,7,0,0,0,1,11,1
392,초원식당,31,9,28,9,11,0,0,0,0,0,0,0,0,4,1
393,불꽃,3,0,0,1,0,0,0,0,0,0,0,0,0,0,0
394,아지트,1,0,1,0,0,0,0,0,2,2,0,0,0,0,0
395,옛날장터치킨,39,21,20,6,0,4,1,0,0,0,0,0,0,11,0
396,송가네농장,27,12,9,6,1,0,0,0,3,7,0,0,0,3,1
397,행복김밥,20,5,7,3,3,1,0,0,1,0,0,0,0,2,0
398,달빛소리,16,27,13,2,1,16,21,10,6,3,6,0,2,4,7
399,청춘감성쌀핫도그신길대영점,4,3,5,2,1,1,0,0,2,0,0,0,0,4,0
400,미라보,0,0,0,0,0,0,0,0,0,0,0,0,0,0,0
401,한아름,0,0,0,0,0,0,0,0,0,0,0,0,0,0,0
402,하모니,0,36,0,0,0,5,0,0,0,0,0,0,0,0,0
403,도미노피자월계점,135,37,29,13,2,15,5,2,15,0,1,0,0,20,7
404,김가네,84,15,17,7,22,16,0,0,1,0,1,0,0,8,0
405,찌개마을,29,11,8,8,2,2,1,0,2,0,0,0,0,8,0
406,스시앤롤,0,1,0,0,0,0,1,0,0,0,0,0,0,0,0
407,흑도니,19,10,1,1,0,3,0,0,8,2,0,0,0,16,2
408,정한손함흥냉면,14,6,10,6,7,4,0,0,0,1,0,0,0,6,1
409,새말로 고기굼터,30,11,14,6,1,1,1,0,1,4,0,0,1,5,2
410,새마을식당,90,25,38,21,4,10,3,3,10,3,3,0,1,18,9
411,명문가갈비찜,3,0,0,0,0,0,0,0,0,0,0,0,0,0,0
412,수유리우동집,377,74,139,79,111,33,4,2,13,3,2,0,2,78,11
413,커핀그루나루성동문화원점,0,17,4,0,0,9,8,0,5,0,6,0,7,0,0
414,웁스 떡볶이,2,4,0,1,0,0,0,0,0,0,0,0,0,0,0
415,미스터피자대공원점,22,8,7,1,2,2,1,0,1,3,0,0,1,4,4
416,이태원 샐러드,39,16,6,6,16,7,2,2,5,0,1,0,0,16,0
417,한강생고기,3,1,0,0,0,0,0,0,0,0,0,0,0,0,0
418,참치장수,27,3,2,2,0,0,0,0,0,0,0,0,0,1,0
419,플라잉볼 에그팩토리,4,0,0,0,0,0,0,0,1,0,0,0,0,0,0
420,더플레이스공덕해링턴점,158,60,24,12,3,55,29,23,25,22,4,0,1,42,53
421,핫오리,2,5,1,1,0,2,0,1,2,0,1,0,0,1,1
422,제니아,0,1,0,0,0,0,0,0,0,0,0,0,0,0,0
423,선비촌추어탕,67,19,18,16,9,3,1,1,5,0,0,0,0,7,1
424,해천,23,14,10,4,0,0,1,1,4,0,1,0,0,9,0
425,밥묵고돈내고,1,0,0,0,0,0,0,0,0,0,0,0,0,0,0
426,육해공정육식당,51,14,11,5,3,10,0,1,1,6,2,0,2,12,12
427,갯마을고향맛,31,8,3,3,1,4,0,0,6,1,0,0,1,6,1
428,금강식당,38,13,4,1,3,2,0,0,2,3,1,0,0,6,3
429,영등포역점원조쌈밥집,90,38,22,11,4,10,1,2,5,8,3,0,0,49,22
430,태양생고기,104,25,24,15,7,2,2,2,11,12,0,0,2,26,7
431,한박상회,11,6,3,1,1,4,0,0,0,0,0,0,0,3,0
432,정육에반하다,26,33,17,3,2,3,0,0,1,2,0,0,1,41,3
433,왕순대식당,71,30,19,13,20,8,3,2,7,4,3,0,1,12,2
434,오자매양꼬치,62,35,19,11,0,9,1,2,11,5,4,0,0,19,3
435,가이아,0,0,0,0,0,0,0,0,0,0,0,0,0,0,0
436,지아네요리공작소,0,1,0,0,0,0,0,0,0,0,0,0,0,0,0
437,라온정,19,11,6,11,3,9,3,0,1,0,0,0,0,8,0
438,투썸플레이스 상암우리센터,0,96,9,0,0,90,35,0,11,0,18,0,10,0,0
439,혜주네,21,3,3,0,1,0,0,0,3,2,0,0,1,4,0
440,분식엔포차,54,16,17,7,15,13,7,0,0,0,0,0,0,15,1
441,칭따오양꼬치,54,23,17,12,1,8,1,1,13,2,0,0,0,15,3
442,연남정,133,43,64,0,32,9,3,2,18,4,0,0,3,47,12
443,피자알볼로여의도점,73,8,11,6,1,2,2,1,5,0,0,0,0,12,0
444,삼성2,0,0,0,0,0,0,0,0,0,0,0,0,0,0,0
445,딜리버리킹,24,1,3,9,1,1,0,0,0,0,0,0,1,6,0
446,봉구비어,0,3,4,0,0,1,1,0,1,0,0,0,0,0,0
447,순이빈대떡,23,11,10,7,2,1,0,1,4,0,1,0,1,10,0
448,마루터,49,22,6,9,19,8,0,0,3,0,0,0,0,9,1
449,화르르,26,13,8,8,0,1,0,0,5,2,1,0,0,6,1
450,순남시래기 길동역점,97,47,28,21,21,22,2,2,0,0,0,0,1,28,0
451,징기스칸,15,6,5,1,1,0,0,0,0,4,0,0,0,2,0
452,정자네식당,9,2,4,0,1,0,0,0,1,0,0,0,0,3,0
453,아리수호프,0,0,0,0,0,0,0,0,0,0,0,0,0,0,0
454,서오릉피자 문래점,404,127,275,60,11,86,5,0,39,2,5,0,0,149,3
455,오프오프커피,0,41,11,0,0,28,30,0,26,0,4,0,3,0,0
456,미가,18,12,8,6,1,1,0,1,2,4,0,0,0,9,4
457,멘야산다이메,118,25,19,16,40,1,9,1,16,4,1,0,0,23,9
458,청계족발,0,0,0,0,0,0,0,0,0,0,0,0,0,0,0
459,항방양꼬치,120,41,16,14,2,13,0,4,24,19,5,0,0,21,36
460,원조 우리 곱창?닭갈비,32,24,12,9,2,9,1,1,3,4,1,0,0,16,1
461,커피온더스트릿,0,1,0,0,0,1,0,0,1,0,0,0,0,0,0
462,고이짱,103,33,22,29,26,17,12,0,6,0,0,0,4,16,0
463,노가리와뻑가리,4,2,4,0,0,1,0,0,0,0,0,0,0,0,0
464,비원,0,0,0,0,0,0,0,0,0,0,0,0,0,0,0
465,봉식이 옛날 왕만두,206,54,68,18,13,10,2,1,10,1,0,0,1,31,2
466,군자보쌈찌개,34,11,14,4,0,9,0,0,12,0,0,0,0,3,1
467,파파존스홍대,24,5,2,1,0,2,0,0,3,0,0,0,0,3,0
468,나나하치,2,0,0,0,0,0,0,0,0,0,0,0,0,0,0
469,한솥,91,15,38,12,16,5,1,3,11,0,1,0,1,13,0
470,고기원칙구의역점,43,17,14,9,3,8,1,3,12,4,5,0,0,16,7
471,청기와,9,2,4,2,0,0,0,0,2,0,0,0,0,4,0
472,키요이 스키야키,117,65,19,31,4,32,34,7,29,0,4,0,0,62,0
473,홍콩,37,16,5,9,6,7,3,0,4,15,0,0,0,6,8
474,마인드,0,45,0,0,0,0,0,0,0,0,0,0,0,0,0
475,로얄식당,40,30,13,11,17,1,1,0,2,1,1,0,0,5,0
476,홈라이크,12,3,2,0,0,1,4,0,5,0,0,0,0,0,0
477,대동강호프,0,1,0,0,0,0,0,0,1,0,0,0,0,0,0
478,무안갯벌낙지,58,17,10,2,1,2,1,0,3,3,0,0,0,11,2
479,파스토보이,15,3,4,4,2,0,0,0,2,0,0,0,0,4,0
480,평양 냉면,66,22,14,13,9,10,1,1,9,2,1,0,0,14,9
481,가마고을,9,5,0,1,6,0,1,0,0,0,1,0,0,0,0
482,우리집,78,41,25,11,26,23,4,0,7,2,3,0,2,18,9
483,금별맥주,201,82,102,0,0,31,77,0,36,15,2,0,0,0,0
484,우미가,34,11,10,5,0,3,1,0,3,3,0,0,0,8,3
485,차림고수,3,1,1,1,1,0,0,0,0,0,0,0,0,2,0
486,아마이,17,2,2,0,0,2,6,0,2,2,0,0,0,0,0
487,먹골로데오김밥,96,28,14,3,26,27,4,0,2,1,0,0,0,25,6
488,퍼줘요,0,1,1,0,0,0,0,0,0,0,0,0,0,0,0
489,서초 비어 브릭,32,17,18,0,0,2,2,0,6,8,2,0,0,0,0
490,매일 노가리,0,0,0,0,0,0,0,0,0,0,0,0,0,0,0
491,광양불고기,253,72,26,30,8,29,10,10,21,54,5,0,2,44,80
492,야끼소바 니주마루,163,86,26,21,56,17,11,3,52,0,1,0,0,30,1
493,카페로,0,1,0,0,0,0,0,0,0,0,0,0,0,0,0
494,후라이드참잘하는집 신림점,24,4,17,6,0,1,0,0,2,0,1,0,2,6,0
495,라온제나,0,0,0,0,0,0,0,0,0,0,0,0,0,0,0
496,서울안심축산정육식당,102,27,10,11,0,19,19,9,25,23,1,0,2,38,30
497,마장동 호랑이,18,17,3,0,0,7,9,9,15,2,0,0,1,12,0
498,도리도리,39,15,5,0,0,15,16,0,13,0,3,0,0,0,0
499,삼영,22,7,6,8,16,0,1,0,0,1,0,0,2,1,2
500,내추럴라이프스타일,0,0,0,0,0,0,0,0,0,0,0,0,0,0,0
501,오렌지몽키파스타&마르코죤스 피자,30,8,13,7,3,7,3,0,2,5,1,0,2,6,6
502,라이라이,0,0,0,0,0,0,0,0,0,0,0,0,0,0,0
503,취락한방능이백숙,39,3,3,7,0,1,1,2,5,8,1,0,1,5,0
504,아비꼬 뉴코아강남점,30,4,3,4,5,2,0,0,3,0,0,0,0,4,3
505,방이별관,0,0,0,0,0,0,0,0,0,0,0,0,0,0,0
506,대파집 연신내 직영점,44,15,11,4,3,4,2,0,4,6,0,0,1,6,9
507,커피호프,0,0,0,0,0,0,0,0,0,0,0,0,0,0,0
508,라인강,0,0,0,0,0,0,0,0,0,0,0,0,0,0,0
509,한탄강매운탕,27,13,6,8,0,0,0,0,3,3,0,0,1,4,3
510,식스밀 서교점,2,1,0,0,0,0,0,0,3,0,0,0,0,0,0
511,비룡매운맛음식점,0,1,1,0,0,1,0,0,0,0,0,0,0,0,1
512,비스트로바이춘,29,18,18,5,1,5,10,5,4,1,12,0,0,8,0
513,위버커피,0,20,20,0,0,15,5,0,3,0,1,0,1,0,0
514,탕가네,35,5,22,21,26,2,0,0,2,0,0,0,0,1,5
515,오다리집 간장게장,40,11,8,8,0,1,1,2,4,1,0,0,0,14,2
516,늦은오후,0,0,0,0,0,0,0,0,0,0,0,0,0,0,0
517,고피자,175,34,82,15,60,18,2,0,12,1,2,0,0,25,3
518,사가라멘 강남역점,184,62,40,20,100,20,2,3,20,2,3,0,2,23,3
519,엄마의손맛,6,3,0,0,3,0,0,0,0,0,0,0,0,1,0
520,금천맛집,235,91,95,72,4,102,8,12,21,25,16,0,1,151,88
521,포메인 홍제점,51,5,3,9,8,15,0,0,1,2,0,0,0,15,16
522,새우의 진수,4,2,0,0,0,0,0,0,2,0,0,0,0,2,0
523,누구나 홀닥 반한닭,108,14,19,14,1,11,2,2,14,22,4,0,3,9,32
524,버블캐슬,0,2,0,0,0,0,1,0,0,0,0,0,0,0,0
525,더 돈카츠,14,5,5,1,6,4,0,0,2,0,0,0,0,2,0
526,영광식당,65,20,33,15,10,1,1,0,6,4,1,0,1,12,2
527,만랩커피 삼성1호점,0,16,18,0,0,5,6,0,0,0,1,0,2,0,0
528,화돌농장,16,10,7,1,0,6,0,0,3,1,5,0,0,3,1
529,맥주날다,27,13,7,0,0,4,3,0,4,4,0,0,0,0,0
530,뉴욕 커피 호프,0,0,0,0,0,0,0,0,0,0,0,0,0,0,0
531,막식이사골부대찌개,61,45,28,14,17,38,3,2,3,1,3,0,0,24,3
532,영구식당,33,14,12,8,3,2,1,3,9,0,0,0,0,13,0
533,이수전,26,10,3,2,0,2,0,0,7,1,0,0,0,2,1
534,김밥천국,72,31,32,15,25,18,1,0,2,0,0,0,0,12,3
535,장남식당,14,3,0,0,0,1,3,0,4,2,0,0,0,1,1
536,윤수산,21,7,9,12,4,2,0,1,3,1,1,0,0,15,1
537,신전떡볶이 정릉점,48,15,11,6,9,2,0,0,8,0,1,0,0,8,0
538,플로라 cafe,0,42,5,0,0,18,10,0,56,0,0,0,1,0,0
539,교촌치킨 개포1호점,114,22,12,4,4,6,2,2,8,5,1,0,2,9,4
540,수제비집,220,288,285,468,110,70,14,35,205,42,26,0,12,312,218
541,연탄생고기집 서교점,84,68,7,8,1,61,1,3,2,20,8,0,1,57,18
542,내이름삼순이,4,0,1,0,0,0,0,0,1,1,0,0,0,0,0
543,들꽃,0,0,0,0,0,0,0,0,0,0,0,0,0,0,0
544,한솔냉면,1,3,0,0,1,2,0,0,0,0,0,0,0,0,2
545,김가네 찜칼국수,175,89,45,99,3,34,5,3,8,28,5,0,1,40,59
546,준스키친,10,3,2,2,0,1,0,0,0,0,0,0,0,1,0
547,홍과장,26,10,2,0,0,5,5,4,9,3,3,0,1,11,0
548,장안삼계탕,137,77,15,26,8,18,5,6,34,15,4,0,2,30,14
549,빈호프,3,1,3,0,0,0,0,0,0,0,0,0,0,0,0
550,푸라닭 월곡점,59,23,9,6,2,13,2,0,7,0,0,0,1,6,0
551,교동왕족발,186,58,54,40,3,6,1,1,13,1,1,0,2,35,2
552,투썸플레이스,0,81,28,0,0,63,16,0,25,0,15,0,26,0,0
553,비비큐공덕점,60,21,2,4,1,10,0,0,6,9,0,0,2,14,6
554,해동루,55,15,6,9,5,2,1,2,1,2,0,0,1,10,1
555,맥주창고,8,3,8,0,0,0,0,0,2,6,0,0,0,0,0
556,호 맥 샤로수길점,21,1,4,0,0,1,3,0,8,2,1,0,0,0,0
557,인생설렁탕 까치산역점,101,14,31,20,22,6,4,0,9,1,0,0,0,22,8
558,고미정,168,58,45,26,1,32,22,17,26,41,9,0,22,64,26
559,고미돈까스,17,3,11,9,2,0,0,0,5,0,0,0,0,1,0
560,민들레식당,9,6,2,0,0,3,0,0,5,0,0,0,0,0,0
561,디코이 커피 로스터스,0,0,0,0,0,3,2,0,0,0,0,0,0,0,0
562,깐부치킨 사당역점 KKANBU CHICKEN,136,36,22,4,1,20,9,2,12,24,6,0,3,25,34
563,남원춘향골추어탕,28,7,3,2,4,2,0,0,1,0,1,0,0,3,1
564,대원칼국수,104,27,15,29,10,9,1,0,1,3,1,0,0,16,7
565,대원,0,0,0,0,0,0,0,0,0,0,0,0,0,0,0
566,제주돼지로한판,32,20,8,3,0,4,1,1,4,1,0,0,0,11,0
567,사가정,0,0,0,0,0,0,0,0,0,0,0,0,0,0,0
568,육공판 상계점,42,21,29,2,1,4,0,0,4,2,0,0,1,7,5
569,행복푸드,0,0,0,0,0,0,0,0,0,0,0,0,0,0,0
570,고기 구워주는 려자,7,0,1,0,0,0,0,0,0,0,0,0,0,0,0
571,농장사람들,106,44,57,19,4,8,3,3,7,17,0,0,2,27,17
572,당신은지금치킨이땡긴다 독산점,21,4,6,4,1,1,0,0,4,0,0,0,1,2,0
573,하나식당,1,1,1,1,1,0,1,0,0,0,0,0,0,0,0
574,이자카야열,22,8,3,0,0,4,5,0,7,19,0,0,0,0,0
575,본점이강순실비집,111,29,11,11,5,2,3,2,20,5,2,0,0,14,2
576,북창터,25,4,7,3,2,0,0,0,2,2,0,0,0,3,0
577,잇프레쉬,0,0,0,0,0,0,0,0,0,0,0,0,0,0,0
578,제주 몬트락 수서직영점,69,30,8,5,1,7,1,3,10,20,3,0,0,18,17
579,오마이 떡볶이치킨,47,20,35,28,3,18,3,0,10,8,9,0,0,16,16
580,벅구네,15,2,1,1,1,0,1,1,0,0,0,0,0,4,0
581,모모 관악점,0,15,6,0,0,9,3,0,5,0,1,0,0,0,0
582,호프광장,0,0,0,0,0,0,0,0,0,0,0,0,0,0,0
583,솔솥 한남점,497,225,38,83,57,76,41,50,191,0,20,0,0,207,2
584,찜집,225,58,45,124,2,15,4,8,10,36,1,0,1,73,53
585,하노이의아침,46,20,4,11,3,7,8,5,3,10,3,0,1,12,10
586,단비,41,24,14,0,0,0,0,0,0,0,0,0,0,26,0
587,육수당,62,15,16,17,19,8,1,0,1,3,3,0,4,9,10
588,마리올라본점,0,53,31,0,0,35,7,0,33,0,5,0,5,0,0
589,다정한상,25,8,5,0,3,10,2,0,0,0,0,0,0,10,1
590,하나,0,0,0,0,0,0,0,0,0,0,0,0,0,0,0
591,예술촌,0,0,0,1,0,0,0,0,0,0,0,0,0,0,0
592,마싯소,18,12,11,6,0,1,0,0,1,6,0,0,0,6,2
593,딜리스시,58,42,32,25,28,20,0,0,2,0,0,0,0,45,0
594,돌판삼겹살,76,32,54,17,5,1,1,0,1,4,0,0,1,23,2
595,이박사돈까스,62,13,21,24,3,2,0,0,0,0,0,0,1,7,0
596,크레이빙 커피,0,36,4,0,0,17,15,0,6,0,0,0,3,0,0
597,핫썬치킨 삼성역점,39,5,1,2,0,1,0,0,2,13,2,0,0,6,8
598,완산골 명가,64,14,13,10,10,6,0,1,1,2,1,0,1,4,10
599,아노브 연남,265,47,14,21,4,34,64,13,42,8,26,0,30,36,32
600,미,15,13,4,0,0,2,3,8,9,1,2,0,0,5,0
601,고궁,0,0,0,0,0,0,0,0,0,0,0,0,0,0,0
602,임프레션,25,21,1,1,0,9,14,14,9,0,3,0,8,12,2
603,별헤는밤,13,2,5,0,0,2,1,0,0,1,0,0,0,0,0
604,롭다,0,40,7,0,0,31,53,0,12,0,13,0,9,0,0
605,힐링비어,0,0,0,0,0,0,0,0,0,0,0,0,0,0,0
606,직각식탁,41,20,7,0,0,15,21,1,18,6,4,0,0,3,3
607,연변손두부,0,0,0,0,0,0,0,0,0,0,0,0,0,0,0
608,삼순이게장전문점,32,15,6,10,0,2,1,0,3,5,1,0,1,13,4
609,디노노가리술집,28,12,12,0,0,0,3,0,3,5,1,0,0,0,0
610,엘리빌리 샐러드앤브런치,53,44,7,0,10,24,9,1,11,0,3,0,2,68,0
611,부엌 다이닝키친,31,18,8,1,0,9,1,2,7,1,3,0,0,24,3
612,우리마을,21,2,10,8,5,0,1,0,0,0,0,0,0,10,1
613,치킨뱅이,19,8,11,6,0,3,0,0,1,6,0,0,0,4,4
614,경성주막,13,2,3,0,0,0,0,0,1,0,0,0,0,0,0
615,그때그집,20,3,2,1,3,0,0,2,1,0,0,0,0,1,0
616,스푼앤포크키친,121,107,31,16,5,46,19,28,32,3,7,0,4,74,0
617,등심집,6,5,2,1,0,3,0,1,0,1,0,0,0,4,0
618,금강맛집,20,8,8,4,0,1,0,0,2,2,0,0,0,4,2
619,칭따오,112,32,27,28,11,5,3,0,16,3,0,0,1,30,7
620,곰짬뽕,69,13,21,14,6,2,1,0,6,1,0,0,1,16,3
621,서초마을,124,38,23,0,0,62,52,0,55,83,27,0,0,0,0
622,우도,6,4,1,1,0,2,0,1,3,4,0,0,0,1,0
623,삼통치킨,68,27,16,4,0,8,0,2,5,9,4,0,1,12,5
624,미담분식,18,0,3,2,0,0,0,0,0,0,0,0,0,1,0
625,쪽갈비제작소,27,10,5,3,0,3,3,2,6,2,1,0,0,4,2
626,여리네 닭갈비,99,24,31,11,4,7,0,2,5,5,1,0,1,12,4
627,혜영식당,28,12,8,1,0,3,1,9,10,0,1,0,1,15,2
628,보배막창,5,0,5,3,0,0,0,0,0,0,0,0,0,0,0
629,포그니,15,4,4,0,0,0,1,0,2,5,0,0,0,0,0
630,가든한밤,11,6,3,0,0,4,5,0,0,1,2,0,0,0,0
631,피슈마라홍탕,437,355,66,108,77,294,81,2,52,12,5,0,4,377,281
632,속초식당,17,7,1,2,0,0,0,0,2,5,0,0,0,3,2
633,황토방,16,8,5,3,1,0,0,0,0,1,0,0,0,2,2
634,해궁,22,8,4,2,0,2,0,0,3,1,0,0,0,8,0
635,엄나무골 삼계탕,9,4,2,3,1,0,0,0,1,0,0,0,0,4,0
636,먹고을전주콩나물국밥,527,105,77,77,45,18,6,6,22,26,13,0,1,92,74
637,뚱땡이왕족발,37,15,11,8,0,3,0,0,2,2,1,0,0,9,0
638,별을품은 곱창,15,5,3,1,0,1,0,0,1,0,0,0,1,3,2
639,초밥설,29,16,9,2,17,6,0,1,3,0,1,0,0,10,0
640,쪼매 매운 냉면,62,24,14,5,10,6,0,0,4,0,1,0,0,7,0
641,해빙커피,0,18,2,0,0,5,10,0,12,0,2,0,2,0,0
642,우담,3,2,1,1,0,2,0,2,0,0,0,0,0,4,2
643,바우네 나주곰탕,44,12,15,10,9,8,0,0,2,4,1,0,0,8,6
644,오늘의 와인,1,0,1,0,0,0,0,0,1,0,0,0,0,0,0
645,호수,6,6,3,1,0,1,0,0,1,0,0,0,0,0,0
646,만금성,49,11,11,10,3,0,0,0,5,2,0,0,1,6,1
647,아리가또,0,1,1,0,0,0,0,0,1,0,0,0,0,0,0
648,은정식당,0,0,0,0,0,0,0,0,0,1,0,0,0,0,0
649,언양닭칼국수,94,36,32,33,15,13,4,0,9,2,0,0,0,19,10
650,소곱당,58,36,3,4,1,34,24,2,6,2,21,0,2,31,3
651,조 샌드위치 & 커피,88,40,17,18,17,17,0,0,7,2,1,0,0,65,9
652,팔팔민물장어,106,46,9,21,3,23,10,11,29,42,4,0,1,53,55
653,츄카롱 성신여대점,0,11,2,0,0,6,3,0,3,0,2,0,0,0,0
654,지중해,1,0,0,0,0,0,0,0,0,0,0,0,0,0,0
655,궁전,479,329,76,136,22,98,292,71,325,44,17,0,13,98,82
656,광진닭한마리,109,32,29,20,0,6,0,0,10,7,1,0,1,24,5
657,고시촌 해장국,17,16,5,3,11,8,0,0,1,0,0,0,0,3,1
658,혼가츠,204,43,37,49,28,27,4,5,17,5,1,0,1,28,49
659,소시민,8,4,0,0,0,2,1,0,2,0,0,0,0,0,0
660,고래호프,0,0,0,0,0,0,0,0,0,0,0,0,0,0,0
661,야애주가,7,3,0,1,0,0,3,0,2,0,0,0,0,2,0
662,북경,121,23,33,14,11,3,2,1,4,3,1,0,0,19,1
663,커피온리건대점,0,52,116,0,0,22,8,0,20,0,2,0,1,0,0
664,두껍삼 강남직영점,230,76,18,5,1,58,11,6,4,84,12,0,0,50,76
665,이불덮밥 상암DMC점,49,15,18,9,27,13,5,0,10,0,0,0,0,9,0
666,다오래골뱅이,58,9,4,6,1,1,0,0,4,2,3,0,0,11,10
667,기사님식당,20,7,5,7,6,3,0,0,0,0,0,0,0,6,2
668,제주애돈,26,13,2,7,0,1,0,1,9,4,0,0,0,15,1
669,대동관,63,12,8,10,3,5,0,0,10,0,0,0,1,17,15
670,서가네,28,6,2,5,2,5,2,1,3,1,0,0,0,7,3
671,그린호프,0,3,1,0,0,1,0,0,0,1,0,0,0,0,0
672,빈이네 곱창,33,16,12,14,0,7,0,4,1,0,0,0,0,6,0
673,스시댄,53,11,11,7,3,3,2,1,4,2,0,0,0,14,2
674,하루한줄,2,0,0,0,0,1,0,0,0,0,0,0,0,3,0
675,달링스테이크 고려대가족점,11,3,2,1,1,0,2,0,0,0,0,0,1,2,1
676,용머리횟집,32,5,6,3,0,3,0,0,1,5,0,0,0,9,3
677,인생닭강정,101,56,31,32,14,5,3,0,9,1,0,0,3,22,2
678,천지인 설렁탕,21,6,5,2,2,3,0,1,1,2,1,0,0,3,3
679,박가네구이,43,13,16,13,5,11,0,0,4,1,2,0,1,8,0
680,옐로우 서브마린,0,0,0,0,0,0,0,0,0,0,0,0,0,0,0
681,본도시락 압구정역점,31,10,16,23,9,6,0,0,8,0,0,0,0,20,1
682,슈가플라이,0,0,0,0,0,0,0,0,0,0,0,0,0,0,0
683,범식당,97,46,15,6,0,24,2,8,10,4,4,0,0,50,4
684,매덕스피자,271,65,38,50,22,22,23,12,73,9,6,0,14,48,9
685,달리는커피 길동점,0,2,7,0,0,3,2,0,5,0,0,0,0,0,0
686,마마부찌,116,57,70,61,32,21,2,3,7,7,10,0,0,10,17
687,보람식당,7,2,2,1,1,1,0,0,2,0,0,0,0,1,0
688,갈비이야기,14,10,5,0,3,1,0,0,0,0,0,0,0,1,0
689,마포소금구이,0,0,10,7,0,0,0,0,3,3,0,0,0,8,8
690,The 야곱story,12,0,5,3,0,1,0,1,1,0,0,0,0,1,0
691,라사천마라탕 안암점,8,0,1,0,0,1,0,0,0,0,0,0,0,1,1
692,통돼지,73,23,15,11,6,2,1,3,9,10,0,0,2,20,10
693,곰비님비손만두,22,6,11,2,0,0,0,0,1,1,0,0,0,3,2
694,카우보이치킨,190,115,137,79,4,72,10,4,36,12,5,0,3,85,22
695,창신동 옥천 매운족발,7,3,2,3,0,0,0,0,1,0,0,0,0,2,0
696,온기정 이마트월계점,1,0,0,0,0,0,0,0,0,0,0,0,0,0,0
697,신의혼밥,6,0,1,0,0,0,0,0,0,0,0,0,0,2,0
698,김가네,92,18,31,6,33,1,0,0,3,2,1,0,1,9,3
699,삼수갑산,143,29,21,8,1,8,2,3,5,38,2,0,1,41,28
700,충정각,17,6,1,0,0,3,16,9,2,8,0,0,6,7,4
701,솔찬 제주뒷고기,30,13,6,6,0,4,0,0,5,7,0,0,0,13,1
702,갈매기의꿈,47,13,22,9,0,3,0,0,7,4,0,0,0,6,0
703,이화회관,0,0,0,0,0,0,0,0,0,0,0,0,0,0,0
704,해운대 진대구탕?찜,0,0,0,0,0,0,0,0,0,0,0,0,0,0,0
705,호남식당,13,3,6,5,5,0,0,0,1,0,0,0,0,5,0
706,어죽맛집 예당,41,15,7,17,9,14,0,0,5,0,0,0,0,12,0
707,클래식,0,79,27,0,0,97,69,0,36,0,10,0,16,0,0
708,봉궁,74,11,18,16,5,4,2,2,8,4,0,0,1,11,11
709,커피파로스 대치점,0,16,45,0,0,8,2,0,11,0,1,0,0,0,0
710,쭈노치킨가게,51,18,28,17,14,2,1,1,19,3,0,0,1,9,3
711,스톤힐,37,16,1,2,0,4,15,23,8,1,7,0,22,6,3
712,가조쿠식당,356,112,106,25,147,41,13,4,97,1,1,0,1,72,1
713,신의주 찹쌀순대,95,25,20,25,24,5,3,2,5,7,2,0,4,16,23
714,덴고꾸,0,1,0,0,0,0,1,1,1,0,1,0,0,1,0
715,이화그릴,18,8,4,3,2,2,2,0,4,2,1,0,0,5,2
716,주은,3,2,0,1,0,1,1,0,0,0,0,0,0,0,0
717,쿠마이누,18,9,4,0,0,3,0,0,3,0,1,0,0,0,0
718,진미 평양냉면,671,105,36,119,40,33,9,13,174,23,5,0,2,121,88
719,제레미20 서초점,1,0,0,0,0,0,0,0,0,0,0,0,0,0,0
720,멀리건,0,0,0,0,0,0,0,0,0,0,0,0,0,0,0
721,체크인,0,0,0,0,0,0,0,0,0,0,25,0,35,0,0
722,봉평골메밀막국수,60,29,12,12,22,7,0,2,13,9,2,0,0,15,14
723,미래식부,12,1,4,5,0,0,1,0,1,0,0,0,0,2,1
724,라이브클럽 리멤버,0,0,0,0,0,0,0,0,0,0,0,0,0,0,0
725,브롱스한양대점,23,12,11,0,0,6,8,0,5,5,5,0,0,0,0
726,하창,7,12,5,0,0,8,8,0,1,1,0,0,0,0,0
727,소문난아구찜,15,8,5,5,1,1,1,0,4,0,0,0,0,5,0
728,금성칡냉면,151,32,24,12,11,6,1,0,3,2,0,0,1,12,1
729,치쥬,11,15,11,1,1,18,12,0,2,0,3,0,3,7,0
730,용호관,20,5,4,0,0,3,12,0,9,1,0,0,0,0,0
731,소매치기206,0,1,0,0,1,1,1,0,1,0,0,0,1,0,1
732,고향밥상,0,0,0,0,0,0,0,0,0,0,0,0,0,0,0
733,청미,17,18,6,4,0,6,0,8,1,5,0,0,0,9,8
734,우정식당,10,4,3,3,3,0,0,0,0,1,0,0,0,0,3
735,포크앤라이프,2,0,1,0,1,1,0,0,0,0,0,0,0,1,0
736,순백,0,8,7,0,0,2,0,0,7,0,0,0,0,0,0
737,허브카페,1,3,7,0,0,0,1,0,0,0,0,0,0,0,0
738,쏭식당,13,13,1,2,0,5,0,0,2,1,0,0,0,4,0
739,독도쭈꾸미,33,15,6,3,1,2,0,1,6,0,2,0,0,4,0
740,스타호프,0,0,0,0,0,0,0,0,0,0,0,0,0,0,0
741,소목,0,1,1,0,0,0,0,0,0,0,0,0,0,0,0
742,팔광반점,31,13,6,7,10,10,14,0,3,0,0,0,1,9,6
743,조선본갈비,131,57,27,17,14,28,3,3,7,24,6,0,0,44,24
744,송림,79,20,19,21,2,3,0,3,3,12,1,0,2,21,0
745,우리집,6,3,0,1,0,2,0,2,0,0,0,0,0,4,1
746,다담2900,24,14,8,6,7,1,0,0,0,0,0,0,0,12,6
747,알베로,0,0,0,0,0,0,0,0,0,0,0,0,0,0,0
748,조씨고기국수,148,31,28,48,54,6,5,3,29,2,0,0,1,25,2
749,전축,8,5,1,0,0,3,8,0,3,0,1,0,0,0,0
750,수산물백화점,31,16,7,5,1,4,0,0,2,6,0,0,0,17,1
751,황제치킨돈까스,8,1,1,3,0,0,0,0,0,1,1,0,0,4,0
752,꿀잠,0,0,0,0,0,0,0,0,0,0,0,0,0,0,0
753,왕세숫대야냉면,23,12,13,15,10,2,2,0,7,2,1,0,1,9,0
754,본죽&비빔밥cafe,110,35,9,19,36,29,4,2,8,0,0,0,3,16,5
755,샐러데이즈 금천구청역점,37,9,3,9,8,2,4,0,5,0,0,0,0,27,0
756,구르메 버거,14,11,3,2,7,4,2,0,6,0,1,0,0,11,0
757,단당,29,6,4,2,15,8,3,0,14,0,0,0,0,7,0
758,파더스 김밥,42,19,15,2,17,9,0,0,3,0,0,0,1,7,0
759,치킨을사랑한떡볶이,25,10,9,6,0,5,0,0,9,2,4,0,0,4,0
760,깻잎두마리 치킨,28,8,17,11,0,1,0,1,8,0,0,0,0,3,0
761,곱마니,48,20,2,7,0,4,0,2,1,2,0,0,0,10,5
762,콰이,26,5,0,3,0,2,2,1,1,0,0,0,0,11,0
763,제일공간,0,70,13,0,0,33,26,0,28,0,1,0,11,0,0
764,옛날마차,80,38,27,23,1,12,3,8,15,15,6,0,2,42,17
765,우리동네 다이닝룸,7,6,7,3,7,3,0,0,0,0,0,0,0,3,0
766,육곱하기,75,39,17,18,0,11,3,3,13,4,0,0,0,31,0
767,아이,100,64,10,0,0,35,75,0,76,11,6,0,0,0,0
768,셜록,0,0,0,0,0,0,0,0,0,0,0,0,0,0,0
769,무교동가마솥왕족발,28,10,13,2,3,1,1,1,2,1,1,0,1,0,1
770,서오릉피자,135,41,65,20,3,56,9,2,11,1,5,0,3,41,23
771,담소사골순대 굽은다리역점,161,52,49,43,42,21,10,1,11,7,3,0,1,18,57
772,마천루,63,30,6,0,0,13,35,0,30,23,9,0,0,0,0
773,내가 이나라의 국수다 중계점,57,12,11,11,3,10,3,0,4,0,0,0,0,6,10
774,멕시칼리,114,326,122,145,16,195,234,115,437,51,36,0,16,452,269
775,소래포구,44,9,13,3,2,4,1,1,3,2,1,0,0,14,6
776,화이트로빈,0,4,2,0,0,1,1,0,1,0,0,0,0,0,0
777,장금이,0,0,0,0,0,0,0,0,0,0,0,0,0,0,0
778,차경,16,11,3,0,0,7,12,0,8,0,3,0,0,0,0
779,왕노가리호프간이역,2,0,3,0,0,0,0,0,0,0,0,0,0,0,0
780,주연이네,1,2,2,0,0,1,1,0,0,0,0,0,0,0,0
781,토프레소방학역점,0,19,9,0,0,10,1,0,2,0,0,0,0,0,0
782,원양식당,18,11,5,5,2,2,1,1,1,1,0,0,0,11,0
783,만두향,115,27,21,11,7,7,3,1,6,2,1,0,0,15,1
784,코작,0,0,0,0,0,0,0,0,0,0,0,0,0,0,0
785,종로 고기집,128,321,229,132,54,151,14,23,199,19,31,0,7,596,69
786,술자리,4,0,2,0,0,0,0,0,0,0,0,0,0,0,0
787,침사추이,77,23,4,4,4,19,8,12,7,18,6,0,2,13,32
788,이한스시,369,72,191,140,25,44,9,37,46,25,5,0,4,167,12
789,핀즈,0,5,0,0,0,0,4,0,12,0,0,0,0,0,0
790,쏘지족발,4,0,2,1,1,0,0,0,1,0,0,0,0,1,0
791,바다회상,17,12,2,2,2,6,0,0,1,6,2,0,0,8,7
792,하림맥시칸강동점,12,2,1,3,0,0,0,1,2,0,1,0,0,1,0
793,꽃돼지,75,45,10,12,0,16,36,13,43,15,2,0,6,55,15
794,북한산큰숲제빵소,0,0,0,0,0,0,0,0,0,0,0,0,0,0,0
795,족보당,17,6,3,5,0,4,0,1,0,0,0,0,0,6,0
796,다모아호프,1,1,1,0,0,0,0,0,0,1,0,0,0,0,0
797,참이슬식당,15,6,3,3,5,3,0,0,0,0,0,0,0,1,0
798,본가순대국,14,3,3,1,3,0,0,0,1,0,0,0,0,1,0
799,명동칼국수,266,60,39,42,44,33,3,3,20,13,10,0,1,45,51
800,어머니순대,2,0,0,0,2,0,0,0,0,0,0,0,0,0,0
801,우리밀 손 칼국수,59,21,9,17,11,0,0,0,5,0,1,0,1,14,3
802,장안문,126,55,21,19,6,8,3,1,10,15,1,0,1,13,26
803,연희미가,32,7,8,4,0,7,2,0,0,5,1,0,1,15,3
804,우이동 국수집 소담,55,9,19,17,19,3,1,0,3,0,0,0,1,10,1
805,쌍벌식당,20,6,9,8,3,1,0,0,2,0,1,0,0,6,0
806,남부 전주콩나물국밥,25,8,10,5,9,4,1,0,1,1,0,0,0,11,1
807,소담순대국,3,1,0,0,0,0,0,0,0,0,0,0,0,0,0
808,오성아구,22,6,8,15,1,4,0,1,4,5,0,0,1,12,3
809,벗골식당,4,1,0,0,1,0,0,0,0,0,0,0,0,0,0
810,빽다방 송파하비오점,0,62,188,0,0,37,7,0,16,0,2,0,2,0,0
811,히어로 홍대2호점,0,33,26,0,0,0,0,0,0,34,6,0,0,0,0
812,을지로골뱅이,58,12,3,0,0,6,0,0,6,11,1,0,0,0,0
813,한성식당,11,6,5,0,0,0,0,0,1,0,0,0,0,0,0
814,전주콩뿌리콩나물국밥,106,30,36,9,23,13,3,1,0,1,4,0,4,16,11
815,바코드,3,9,3,0,0,4,3,0,3,0,0,0,0,0,0
816,커피향깊은한옥,0,29,6,0,0,14,42,0,10,0,8,0,52,0,0
817,아지네,9,3,3,1,2,0,0,0,1,0,0,0,0,2,0
818,맥주아비,28,13,8,0,0,7,8,0,5,3,8,0,0,0,0
819,꿍탈레,115,51,19,22,6,21,39,5,41,4,4,0,11,22,27
820,들향기칼국수 쭈꾸미,23,2,1,5,0,3,1,1,0,1,1,0,0,4,3
821,청계호프,167,67,89,0,0,25,20,0,17,101,10,0,0,0,0
822,모비딕,0,0,0,0,0,0,0,0,0,1,0,0,0,0,0
823,통닭마을,40,18,24,5,1,1,0,0,3,3,0,0,0,4,4
824,다락방,18,18,8,5,3,5,0,0,4,6,13,0,0,5,0
825,굽모닝 오리닭 숯불바베큐,8,5,8,3,0,0,0,4,4,3,0,0,0,2,4
826,더 밥상,25,9,8,6,9,3,1,0,2,0,0,0,0,8,0
827,바다와육지,45,16,16,3,4,2,2,2,1,3,0,0,0,12,2
828,BHC,68,27,6,2,2,5,1,2,4,1,0,0,2,5,1
829,마실,92,33,43,24,2,24,4,15,0,43,1,0,0,28,31
830,윌리엄커피,0,17,2,0,0,4,12,0,5,0,2,0,2,0,0
831,비비샐러드,155,46,37,61,49,29,8,1,17,0,0,0,0,113,2
832,컬투치킨,65,21,19,11,3,3,2,0,3,15,1,0,0,7,4
833,한일식당,80,24,15,15,7,13,0,0,6,0,1,0,2,17,0
834,신호닭발 수유점,3,1,0,0,0,1,1,0,0,0,0,0,0,0,0
835,도틔대가,172,76,22,18,2,64,15,7,32,50,15,0,1,58,68
836,큰집닭한마리,139,32,44,44,7,2,0,1,13,2,1,0,0,30,1
837,무브,0,0,0,0,0,0,0,0,0,0,0,0,0,0,0
838,제주생선구이 올래밥상 창동점,14,2,2,4,4,2,1,1,4,0,0,0,0,5,0
839,엄마반찬스,187,111,25,0,0,0,0,0,0,0,0,0,0,70,0
840,모자온달,30,15,5,1,1,8,2,1,2,5,8,0,1,3,11
841,정든닭발,50,22,5,4,2,4,2,2,3,1,1,0,0,4,3
842,와세다야,29,12,4,1,0,7,6,4,14,4,5,0,0,10,5
843,멕시카나 신림점,13,4,5,1,0,2,1,0,0,0,0,0,0,2,0
844,금자식당,27,1,1,0,0,0,0,0,2,0,0,0,0,0,0
845,본죽 우면점,22,17,3,6,9,6,1,0,1,1,0,0,1,7,1
846,열림,0,0,0,0,0,0,0,0,0,0,0,0,0,0,0
847,남자식탁,40,24,8,0,0,11,4,0,19,1,5,0,0,0,0
848,맘스터치 월계점,284,68,62,31,49,56,4,0,18,3,8,0,1,66,22
849,언니네 아지트,0,12,2,0,0,6,3,0,7,0,0,0,0,0,0
850,제일식당,9,3,8,7,3,1,0,0,1,0,0,0,0,2,0
851,고기온도,73,34,7,4,1,13,6,6,20,5,4,0,2,30,5
852,거기시켜 덮밥&간식 홍대점,20,1,3,7,0,0,0,0,4,0,0,0,0,3,0
853,성월동화,96,59,16,0,0,26,28,0,35,0,3,0,1,7,0
854,개인카페,0,9,6,0,0,0,9,0,7,0,0,0,1,0,0
855,꽃분이손두부,58,32,19,7,22,13,3,0,7,4,1,0,2,16,1
856,오늘노가리풀자,9,2,7,0,0,0,0,0,0,0,0,0,0,0,0
857,오렌지감자탕,141,59,25,35,18,13,3,1,6,13,8,0,4,25,22
858,컴포즈커피 오금교점,0,37,88,0,0,23,9,0,11,0,0,0,0,0,0
859,핵밥 여의도점,75,19,29,29,33,29,5,1,17,0,2,0,0,16,9
860,남산골,0,0,0,0,0,0,0,0,0,0,0,0,0,0,0
861,인화각,45,31,13,10,4,1,0,0,1,0,0,0,0,3,0
862,영광밥상,6,2,1,2,1,1,0,0,0,0,0,0,0,1,0
863,소문난집,103,68,82,66,0,3,1,1,9,18,0,0,0,27,6
864,한스델리,42,13,29,12,21,13,2,2,5,1,4,0,3,5,9
865,여름연못,0,0,0,0,0,0,0,0,0,0,0,0,0,0,0
866,돼야지,23,13,5,7,0,0,0,0,0,4,2,0,0,9,0
867,나주식당,13,4,2,4,4,0,0,0,0,0,0,0,0,2,0
868,토담골,31,7,3,3,1,1,0,0,0,0,0,0,0,5,0
869,토마토김밥,128,38,53,18,56,26,3,1,5,1,1,0,3,17,14
870,강동포차,1,6,8,0,0,0,0,0,1,2,0,0,0,0,0
871,푸루빌,0,0,0,0,0,0,0,0,0,0,0,0,0,0,0
872,전설의짬뽕,198,27,21,28,26,28,3,2,15,1,0,0,0,26,11
873,경성양꼬치,110,43,9,13,3,22,1,6,19,19,10,0,3,25,43
874,해어화호프,0,0,0,0,0,0,0,0,0,0,0,0,0,0,0
875,호식이 두마리치킨,12,4,3,4,1,1,0,0,0,1,0,0,0,2,0
876,비어바나,171,52,30,0,0,27,100,0,61,23,12,0,0,0,0
877,제일어버이순대,106,31,14,20,19,16,0,0,10,2,0,0,0,22,7
878,파전나라,69,18,33,23,4,5,1,2,1,0,3,0,1,17,2
879,강남반점,54,6,17,20,11,2,0,0,4,0,0,0,0,8,0
880,교촌치킨 천호1호점,59,4,6,4,0,6,2,0,2,2,0,0,0,7,1
881,버들골,37,20,17,0,0,4,1,0,4,1,1,0,0,0,0
882,달강,0,4,3,0,0,1,21,0,7,0,1,0,20,0,0
883,비비큐치킨,59,14,2,4,2,3,0,1,1,0,0,0,0,7,0
884,호호국수,37,13,24,18,13,8,0,0,1,0,1,0,1,12,1
885,월계철판곱창,23,4,2,3,1,0,0,0,1,2,0,0,0,1,0
886,쉴,0,0,0,0,0,0,0,0,0,0,0,0,0,0,0
887,오늘와인한잔 서울대역1번출구점,27,8,23,0,0,3,6,0,5,0,0,0,0,0,0
888,60년전통신촌황소곱창,30,3,2,4,0,1,0,0,5,3,0,0,0,4,0
889,아리랑 개성 손만두,120,30,20,12,3,20,3,2,4,8,1,0,1,26,28
890,우리네,0,0,0,0,0,0,0,0,0,0,0,0,0,0,0
891,써니,0,42,0,0,0,0,0,0,0,0,0,0,0,0,0
892,파운드로컬,39,16,2,0,0,7,22,0,11,2,5,0,0,0,0
893,월하식당,27,8,7,5,0,1,0,0,8,2,2,0,0,11,3
894,피자몰신촌점,132,12,90,30,22,9,3,6,15,12,11,0,0,20,46
895,통통닭,14,2,3,0,1,0,0,0,3,0,0,0,1,1,0
896,밥상조합,0,0,0,0,0,0,0,0,0,0,0,0,0,0,0
897,생각나는집,35,15,6,8,9,3,0,1,1,0,0,0,0,4,0
898,구도로통닭 노원점,3,2,0,2,0,0,0,0,1,0,0,0,0,1,0
899,빠숑,0,0,0,0,0,0,0,0,0,1,0,0,0,0,0
900,배달삼겹 맛있으면돼지,23,1,5,2,3,0,1,0,1,0,0,0,0,2,0
901,현미식당,8,0,2,1,0,0,0,0,0,0,0,0,0,0,0
902,모이자,32,9,20,7,3,0,0,1,3,4,1,0,0,7,3
903,홍콩반점0410 까치산역점,108,23,25,13,17,5,0,0,6,0,1,0,0,17,2
904,세광양대창용산점,107,51,11,5,0,13,10,3,12,6,5,0,0,18,10
905,아키타,6,0,2,0,0,1,1,0,2,0,0,0,0,0,0
906,꿀쌈함흥면옥,68,15,11,16,14,7,2,0,3,1,1,0,0,12,5
907,가츠라,270,83,56,50,44,63,5,5,18,5,9,0,2,41,77
908,빨간상 김치찌개,6,1,1,2,3,1,0,0,1,1,0,0,0,0,1
909,엽기떡볶이,164,29,12,25,4,7,1,2,11,1,0,0,1,9,20
910,투썸플레이스 송파CGV점,0,0,0,0,0,0,0,0,0,0,0,0,0,0,0
911,푸라닭 논현점,17,3,1,4,2,0,1,0,3,0,0,0,0,4,0
912,커피디지 합정점,0,19,17,0,0,9,3,0,4,0,0,0,0,0,0
913,나팔,179,110,40,9,2,61,116,42,54,13,14,0,47,88,61
914,오춘자비어 사가정역점,2,1,6,0,0,0,0,0,1,0,0,0,0,0,0
915,장우왕족발,19,6,14,7,2,1,0,0,3,0,0,0,0,5,3
916,찬스호프,7,1,1,0,0,0,0,0,1,0,0,0,0,0,0
917,문래돼지불백 가산점,87,30,24,13,13,12,3,0,4,1,2,0,0,22,0
918,영재식당,1,0,0,0,0,0,0,0,0,0,0,0,0,0,0
919,영금이네보신탕,1,0,1,1,0,0,0,0,0,0,1,0,1,1,0
920,울엄마김밥,49,12,16,12,31,12,1,0,3,1,1,0,1,11,2
921,명품김밥,57,18,23,9,13,6,0,0,1,0,0,0,0,10,1
922,가마로강정 가재울사거리점,1,0,0,0,0,0,0,0,0,0,0,0,0,0,0
923,경상도 할머니집,1,0,0,0,0,0,0,0,0,0,0,0,0,0,0
924,우리할매 떡볶이 용산점,68,17,16,10,10,7,0,0,11,0,1,0,0,9,0
925,이모맛집,3,4,2,1,0,1,0,0,1,0,0,0,0,2,1
926,서민닭갈비서민곱창,25,12,8,8,0,1,0,0,0,2,0,0,0,4,6
927,리원,64,10,17,13,4,6,1,0,5,12,0,0,0,11,7
928,밸리 커피집,0,28,61,0,0,31,9,0,14,0,0,0,5,0,0
929,꾸미,43,16,12,13,7,11,1,2,5,2,1,0,2,22,2
930,송화의카페,0,12,3,0,0,6,4,0,11,0,0,0,1,0,0
931,깜장김밥,116,25,70,41,24,1,0,0,8,0,0,0,0,17,1
932,에이비카페 abcafe,0,133,21,0,0,116,541,0,87,0,51,0,80,0,0
933,송빠,15,18,5,0,0,9,9,0,6,1,3,0,0,0,0
934,오로라F&B,0,0,0,0,0,0,0,0,0,0,0,0,0,0,0
935,십원집,68,27,21,15,8,2,0,1,8,8,1,0,0,11,4
936,바다사랑 회포차,10,7,3,0,0,0,0,0,2,0,0,0,0,0,0
937,기절떡풍,0,0,0,0,0,0,0,0,0,0,0,0,0,1,0
938,대찬횟집,80,28,46,15,6,5,0,5,5,10,1,0,0,30,4
939,르쁘띠푸,0,60,14,0,0,22,26,0,85,0,1,0,3,0,0
940,JVL부대찌개 가산디지털역점,66,21,25,18,27,4,0,0,10,4,2,0,0,11,2
941,도쿄화로,50,20,12,0,0,3,12,0,14,4,2,0,0,0,0
942,종가집,139,44,11,31,0,9,1,4,22,23,6,0,2,33,14
943,돈꼬불,68,36,11,7,1,8,11,1,30,9,6,0,0,11,7
944,으뜸한방통닭바베큐,11,1,1,0,0,0,0,0,0,0,0,0,0,1,0
945,굽네치킨 종각역점,44,8,0,3,0,2,3,0,2,6,0,0,0,3,10
946,스포빠,46,30,6,2,2,15,26,2,20,2,12,0,0,8,2
947,순창집,11,2,4,1,2,0,0,0,0,0,1,0,0,0,1
948,3일한우국밥 논현직영점,43,10,8,8,14,8,0,1,2,0,1,0,0,15,1
949,탄,122,20,15,20,20,6,3,1,9,1,1,0,2,11,10
950,김호권의 청년어부 양재점,58,18,37,4,6,13,1,0,5,0,1,0,0,23,0
951,통닭연구소,41,14,26,3,1,2,1,1,6,0,1,0,1,10,0
952,럭키클라우드,0,20,0,0,0,12,0,0,0,0,0,0,0,0,2
953,올웨이즈 어거스트,0,5,1,0,0,1,11,0,2,0,0,0,0,0,0
954,이모네,61,34,14,25,0,19,4,0,3,1,4,0,1,16,2
955,맛있는 찌게마을,166,32,53,43,5,5,0,3,2,11,1,0,1,18,14
956,초록밭,104,73,9,30,48,61,15,4,52,1,4,0,2,108,5
957,군산찜,227,57,23,36,3,12,3,5,13,10,3,0,2,67,5
958,오픈더그린,24,8,8,7,13,8,13,0,0,0,1,0,0,22,1
959,풍성갈비집,4,0,2,2,0,0,0,0,2,0,0,0,0,0,0
960,로그,65,41,0,0,5,34,58,5,25,2,12,0,4,24,32
961,아디스아바바,0,9,1,0,0,2,17,0,5,0,0,0,1,0,0
962,계수나무,5,6,3,0,0,0,0,0,0,1,0,0,0,0,0
963,홍금식당,2,1,1,0,0,0,0,0,0,0,0,0,0,0,0
964,미림산장,168,33,18,34,2,4,6,30,21,75,7,0,93,25,49
965,우정마라탕 오목교역점,37,10,7,9,4,11,0,0,1,0,0,0,1,14,0
966,마포차돌박이,70,56,59,12,0,26,5,2,9,25,21,0,0,42,4
967,루플레르&플라워카페 루,0,23,0,0,0,0,0,0,0,0,0,0,0,0,0
968,보리통,9,3,3,0,0,0,0,0,0,2,0,0,0,0,0
969,월선네,68,36,7,18,3,7,0,1,3,9,0,0,0,10,12
970,크림호프,5,2,1,0,0,0,1,0,0,0,0,0,0,0,0
971,소문난곱창,29,14,11,12,0,2,4,3,3,2,0,0,0,7,1
972,김우리식당,3,0,0,0,0,0,0,0,0,0,0,0,0,0,0
973,연신내 김밥,148,51,54,25,32,4,2,0,8,0,0,0,2,29,2
974,꽃담식당,58,24,37,10,23,5,1,0,2,1,0,0,0,5,1
975,은행나무식당,22,5,2,2,2,1,0,2,0,0,2,0,0,1,1
976,제이바,0,0,0,0,0,0,0,0,0,0,0,0,0,0,0
977,하노이 시티,5,0,3,3,1,0,0,1,3,0,1,0,0,3,0
978,한사바리,39,27,15,0,0,6,2,0,10,1,1,0,0,0,0
979,스시꽃피다,56,20,23,2,16,12,2,1,15,0,1,0,1,26,0
980,대파양곱창,34,15,7,5,0,2,1,1,12,2,2,0,1,14,1
981,대상해,47,34,8,13,0,15,2,9,7,14,7,0,13,19,12
982,도도회,6,4,5,3,0,0,0,0,0,0,0,0,0,4,0
983,맥주뚜껑,5,0,0,0,0,0,1,0,0,0,0,0,0,0,0
984,비엔나커피하우스서울숲역점,0,38,8,0,0,32,24,0,10,0,10,0,11,0,0
985,비스트로피자영등포1호점,51,9,13,4,3,4,2,0,4,0,0,0,0,9,2
986,미스터 카스테라 명일점,0,4,0,0,0,2,0,0,2,0,0,0,1,0,0
987,시골장터,0,0,0,0,0,0,0,0,0,0,0,0,0,0,0
988,로쏘파스타,98,48,27,21,15,29,16,7,10,1,1,0,0,42,3
989,이우,54,16,4,1,1,13,17,6,8,18,5,0,3,16,21
990,골든커피로스터스,0,26,20,0,0,34,12,0,14,0,7,0,5,0,0
991,엔칙스상암,12,7,9,6,1,3,4,1,3,2,0,0,0,3,2
992,투다리,57,38,10,0,0,8,2,0,6,5,14,0,0,0,0
993,구영회 참치앤초밥,127,51,21,19,16,23,40,4,8,4,3,0,14,51,17
994,커피홀 촬영소사거리점,0,56,20,0,0,52,35,0,9,0,18,0,6,0,0
995,동네횟집,0,1,1,1,0,0,0,0,0,0,0,0,0,1,0
996,굽네치킨 미아1호점,36,5,4,4,0,2,0,0,4,1,0,0,0,6,2
997,홍능갈비,16,0,1,2,1,1,0,0,1,0,0,0,1,3,1
998,진순자계란말이김밥,37,16,8,6,9,5,0,0,8,0,0,0,0,4,0
999,돈까스아찌,140,10,35,35,16,3,5,0,14,1,3,0,1,32,11
1000,옥이네 실내포차,0,0,0,0,0,0,0,0,0,0,0,0,0,0,0
1001,한우식당,31,6,1,0,0,3,0,5,3,6,2,0,0,9,0
1002,순수해장,31,10,1,5,2,6,1,0,5,0,0,0,0,10,3
1003,백반식당,117,48,24,77,13,20,3,4,24,1,2,0,2,17,26
1004,더 치킨맨,71,29,54,8,4,17,2,0,2,0,1,0,1,17,0
1005,알라딘의양고기,33,8,3,2,0,0,0,5,14,8,1,0,0,8,0
1006,한강집생태,152,35,0,4,2,25,5,4,11,8,6,0,1,45,22
1007,1970새마을포차 신림역점,12,1,4,0,0,3,0,0,1,4,0,0,0,0,0
1008,교촌치킨오목교점,73,12,6,3,3,5,2,0,5,1,0,0,0,6,2
1009,홍대한신포차,132,24,30,0,0,2,2,0,8,19,4,0,0,0,0
1010,한티옥,113,38,10,18,18,34,8,3,13,2,4,0,0,23,21
1011,재우,32,10,5,4,2,4,3,1,1,6,0,0,0,8,2
1012,어부네,37,18,10,7,5,4,1,0,7,4,0,0,0,13,1
1013,청담이상 마곡나루역점,40,18,1,0,0,12,26,0,6,8,2,0,0,0,0
1014,원당감자탕,149,42,34,32,27,9,2,1,6,19,4,0,1,17,39
1015,싱싱 연신내 횟집,64,22,22,12,1,7,1,1,8,12,2,0,1,30,18
1016,생라면세대,22,14,12,7,9,3,0,1,5,0,0,0,0,3,0
1017,백경식당,58,17,8,4,6,1,1,2,3,1,0,0,1,5,1
1018,호남식당,10,4,1,2,2,0,0,0,2,0,0,0,1,3,1
1019,울 만두,119,31,32,7,10,4,1,3,11,0,3,0,0,18,0
1020,시골밥상,13,3,4,5,7,3,2,0,0,0,0,0,0,6,1
1021,태인의 아지트,22,15,7,5,2,3,5,2,13,9,0,0,4,14,1
1022,이담,18,5,0,0,0,1,1,0,3,0,1,0,1,2,0
1023,맛있는집소풍,18,3,3,0,10,2,0,0,0,0,0,0,0,1,1
1024,마시리,11,7,1,5,0,0,0,1,5,1,0,0,0,6,0
1025,생활맥주,22,11,7,0,0,5,2,0,0,2,2,0,0,0,0
1026,참이맛감자탕 마곡나루역점,135,34,43,45,25,33,1,0,4,14,4,0,7,14,50
1027,마구로슈토,32,15,2,8,0,5,7,9,12,4,0,0,1,13,2
1028,이태리면가게 영등포,3,1,0,1,0,0,0,0,3,0,0,0,0,0,0
1029,황토방,0,1,1,0,0,0,0,0,0,0,0,0,0,0,0
1030,곰돌이포차,44,10,15,0,0,1,0,0,7,0,1,0,0,0,0
1031,김밥천국,129,32,77,47,58,6,0,2,12,0,0,0,0,7,3
1032,돈보네,104,21,18,17,21,8,1,2,12,3,1,0,0,21,5
1033,콘서트,0,0,0,0,0,0,0,0,0,0,0,0,0,0,0
1034,스텐딩 스테이크 미아점,7,0,1,5,1,0,0,0,0,0,0,0,0,5,0
1035,지성식당,1,0,0,0,0,0,0,0,0,0,0,0,0,1,0
1036,아모르파티,0,10,2,0,0,1,0,0,4,0,0,0,0,0,0
1037,덕성각,112,18,23,16,23,3,0,1,8,2,0,0,0,7,0
1038,한돌참치,31,15,16,5,6,2,0,2,5,0,0,0,0,12,0
1039,광화문설렁탕,64,48,18,13,25,34,0,0,3,7,5,0,0,11,25
1040,해바라기 정육식당,76,22,27,16,2,9,0,4,5,5,0,0,1,23,12
1041,암소와 꽃돼지,3,0,0,0,0,0,0,0,0,0,0,0,0,1,0
1042,푸드카페,101,44,91,11,52,6,2,1,4,0,0,0,2,9,10
1043,발리,0,0,0,0,0,0,0,0,0,0,0,0,0,0,0
1044,조마루 감자탕,141,34,24,32,10,9,3,1,10,12,2,0,0,19,22
1045,홍익돈까스,280,59,78,138,13,38,15,4,29,13,25,0,17,50,66
1046,대머리낙지머리실내포차,11,4,4,2,0,0,2,0,1,1,0,0,1,6,0
1047,진짜루,168,57,37,32,26,9,1,3,10,9,7,0,1,19,3
1048,연남골방,14,51,6,2,6,37,56,32,11,10,24,0,6,3,2
1049,이모포차,57,19,27,0,0,10,0,0,12,0,0,0,0,0,0
1050,꿀꿀진순대 방이점,26,11,5,10,2,11,3,0,3,0,0,0,0,10,0
1051,이디야 커피 중앙대점,0,21,19,0,0,9,1,0,7,0,2,0,1,0,0
1052,월드,0,0,0,0,0,0,0,0,0,0,0,0,0,0,0
1053,경희궁 닭곰탕,40,14,13,6,5,1,0,0,6,0,0,0,0,10,2
1054,상차림,0,15,0,0,0,4,0,0,0,0,0,0,0,0,0
1055,둥구리,9,2,1,2,0,0,1,1,1,0,0,0,1,0,0
1056,행복밥상,5,7,5,2,4,1,0,0,2,0,1,0,0,1,0
1057,핫도그,284,51,119,21,23,8,2,3,41,1,3,0,0,33,2
1058,코메,91,63,28,8,0,34,8,20,21,2,1,0,0,32,1
1059,스시도리,98,41,16,10,12,9,9,4,14,2,7,0,1,24,12
1060,비엔나 커피 하우스,0,146,30,0,0,131,139,0,76,0,43,0,19,0,0
1061,부산집,44,17,4,4,0,1,0,1,8,1,1,0,1,11,0
1062,구이가,11,11,10,4,0,3,0,0,0,1,0,0,0,4,4
1063,김밥천국,46,10,14,8,18,1,0,1,1,0,0,0,1,4,2
1064,알콩달콩,0,31,0,0,0,0,0,0,0,0,0,0,0,0,0
1065,이종구 낙지세상 미아점,124,36,23,17,8,23,0,3,5,10,4,0,2,23,8
1066,임태희커피,0,3,1,0,0,1,2,0,2,0,0,0,0,0,0
1067,진달래냉면,7,2,1,2,0,1,0,0,0,1,0,0,0,1,0
1068,증산횟집,9,6,0,1,0,1,0,0,2,0,0,0,0,3,0
1069,신현무관,93,28,25,15,15,12,0,2,6,5,1,0,0,15,1
1070,목포낙지,37,11,5,5,2,6,2,1,4,0,3,0,0,13,0
1071,그대쉴꽃,0,1,0,0,0,1,0,0,0,0,1,0,0,0,0
1072,카페아미,0,9,3,0,0,12,16,0,5,0,3,0,0,0,0
1073,로라방앗간,27,1,0,4,0,0,0,0,0,0,0,0,0,3,0
1074,꾸어가게생선구이화곡점,5,2,0,2,1,0,0,0,0,0,0,0,0,1,0
1075,푸라닭중곡점,102,37,13,9,0,23,6,1,12,4,1,0,2,22,7
1076,미락한정식,72,36,15,9,1,5,2,2,0,2,0,0,0,20,5
1077,심가네칼국수 역삼역본점,73,21,17,17,10,10,0,0,7,2,4,0,1,17,9
1078,처갓집 양념치킨 상계점,107,20,15,13,5,3,2,3,12,3,0,0,2,16,1
1079,호또치킨,0,0,0,0,0,0,0,0,0,0,0,0,0,0,0
1080,떡볶이참잘하는집 떡참 강동길동점,28,3,7,6,3,3,1,0,7,0,0,0,2,1,0
1081,현방오백소갈비살,59,16,38,14,1,11,0,0,6,0,0,0,0,30,0
1082,하륜일만족발,10,4,4,1,3,0,0,0,0,0,0,0,0,1,0
1083,동대문 일품손짜장,64,26,21,22,13,8,2,2,6,2,2,0,0,16,9
1084,일공공키친,52,36,11,11,1,20,4,2,10,7,2,0,4,28,8
1085,솥뚜껑철판파전,92,25,31,14,1,1,3,2,4,6,0,0,0,11,4
1086,치키니즘한강성심병원점,18,6,7,4,0,1,1,0,1,2,1,0,0,3,0
1087,테피,0,6,0,0,0,10,6,0,0,0,0,0,0,0,0
1088,943킹스크로스,0,57,20,0,0,45,295,0,153,0,32,0,22,0,0
1089,갤러리카페,0,17,9,0,0,3,7,0,0,0,3,0,0,0,0
1090,숙이네분식,40,10,4,1,0,3,0,0,5,0,1,0,0,1,0
1091,제주어항1950,117,36,21,17,11,21,7,3,14,10,4,0,1,45,23
1092,남도숯불생고기,68,21,14,17,0,9,1,4,4,8,1,0,1,18,9
1093,봉구비어 등촌역1호점,15,9,15,0,0,0,0,0,0,0,0,0,0,0,0
1094,바르다김선생상암DMC점,197,46,21,12,58,21,1,1,27,0,1,0,1,72,5
1095,풍원식당,10,2,4,1,1,1,0,0,3,0,1,0,1,1,0
1096,을지로 라스베가스,1,1,1,0,0,0,0,0,1,0,0,0,0,0,0
1097,남도분식 파미에스테이션점,203,49,35,15,40,27,16,0,34,2,7,0,0,22,14
1098,쿠시마사,2,0,0,0,0,0,0,0,1,0,0,0,0,1,0
1099,탭퍼블릭,179,62,21,0,0,78,65,0,44,92,21,0,0,0,0
1100,해구,5,3,0,0,0,0,2,0,2,0,0,0,0,3,1
1101,신화불닭,0,0,0,0,0,0,0,0,0,0,0,0,0,0,0
1102,육칠이_신촌점,0,0,0,0,0,0,0,0,0,0,0,0,0,0,0
1103,그늘집,3,0,0,0,0,1,3,0,1,1,1,0,0,0,3
1104,백제식당,11,2,1,3,0,0,0,0,1,2,1,0,0,2,0
1105,소머리국밥,6,4,3,1,10,0,0,0,1,0,0,0,0,0,1
1106,치킨처럼,31,15,5,1,0,10,0,0,1,4,3,0,1,2,10
1107,짝태노가리야,21,20,16,0,0,0,1,0,2,5,2,0,0,0,0
1108,크림크림,0,5,0,0,0,1,5,0,3,0,0,0,0,0,0
1109,파이브테이블,53,28,35,9,4,2,2,0,6,0,1,0,1,12,1
1110,양심가게,6,2,0,1,0,0,0,0,2,0,0,0,0,3,0
1111,원조할매곱창,237,40,51,78,5,11,4,6,34,8,3,0,2,32,6
1112,카페 호리,0,20,10,0,0,9,7,0,11,0,0,0,1,0,0
1113,미담,0,40,0,0,0,0,0,0,0,0,0,0,4,0,0
1114,이태원 매운우동,63,17,19,11,29,11,2,1,6,0,0,0,0,11,0
1115,다모실내포장마차,8,3,2,0,0,0,0,0,0,0,0,0,0,0,0
1116,을지로 와이너리,62,47,33,0,1,16,36,23,28,5,3,0,2,30,1
1117,사랑채,32,5,6,5,2,3,2,0,0,3,0,0,0,3,5
1118,전골전문,125,43,60,54,25,12,7,1,8,1,2,0,2,45,2
1119,퓨전,322,124,22,56,2,67,44,39,113,45,25,0,3,43,46
1120,원당감자탕,268,49,58,58,29,10,6,2,8,25,3,0,5,19,58
1121,빠삭치킨,39,10,15,1,1,4,0,3,0,2,1,0,0,4,2
1122,국수나무 사가정점,16,7,7,10,10,3,0,0,1,0,0,0,1,4,0
1123,해몽,0,0,0,0,0,0,0,0,0,0,0,0,0,0,0
1124,정성이가득찬집밥중랑점,10,0,0,1,2,0,0,0,0,0,0,0,0,0,0
1125,지도리치킨,79,29,46,25,2,14,0,0,2,2,0,0,0,20,1
1126,가성비,38,21,21,8,3,3,1,1,2,2,0,0,0,9,2
1127,비비큐 노원스타점,51,9,6,2,1,2,3,0,1,2,0,0,0,9,2
1128,남원식당,525,115,32,71,27,90,10,6,37,38,31,0,5,105,100
1129,101커피,0,5,2,0,0,1,3,0,0,0,0,0,0,0,0
1130,1번지곱창,20,4,2,3,1,1,0,0,0,0,0,0,0,1,0
1131,중경식객,92,23,33,28,1,23,3,1,14,5,2,0,1,32,12
1132,원할머니보쌈족발 영등포구청점,18,9,3,4,5,6,1,0,2,1,0,0,0,6,0
1133,아우라,11,5,1,0,0,2,3,0,0,1,2,0,0,0,0
1134,주전부리,1,1,1,1,0,0,0,0,0,0,0,0,0,1,0
1135,금왕 평양면옥,61,18,8,7,9,8,2,1,3,5,1,0,1,6,21
1136,부암동치킨,79,17,14,16,2,11,7,1,11,6,6,0,0,16,8
1137,귀빈각,156,32,33,31,7,3,4,2,9,1,0,0,0,13,2
1138,발롱,0,0,0,0,0,0,0,0,0,0,0,0,0,0,0
1139,남도술상 마포용강점,52,29,13,0,0,25,1,0,29,20,6,0,0,0,0
1140,통큰갈비,33,20,23,17,3,2,3,2,1,8,0,0,1,9,13
1141,홍가식당,13,6,4,3,0,4,0,0,1,4,0,0,0,5,1
1142,오름곰탕,60,13,5,8,5,15,0,2,3,2,0,0,0,11,9
1143,우리호프,1,1,0,0,0,0,0,0,0,0,0,0,0,0,0
1144,달임식당,8,2,1,0,1,0,0,0,0,0,0,0,0,0,0
1145,커피투어,0,35,11,0,0,7,6,0,4,0,1,0,2,0,0
1146,궁전쌈밥,23,6,7,5,3,3,2,1,5,3,2,0,0,8,2
1147,낡은음악창고,0,0,0,0,0,0,0,0,0,0,0,0,0,0,0
1148,코스믹 라떼,0,13,4,0,0,7,14,0,7,0,0,0,0,0,0
1149,까치식당,33,9,17,3,13,12,1,0,1,0,0,0,1,4,2
1150,대성,0,15,0,0,0,0,0,0,0,0,0,0,0,0,0
1151,시내네실내포장마차,0,0,0,0,0,0,0,0,0,0,0,0,0,0,0
1152,호프할래,182,56,38,0,0,23,19,0,22,52,17,0,0,0,0
1153,칭구야,2,0,1,0,0,0,0,0,0,0,0,0,0,0,0
1154,퀴즈노스 상암MBC점,181,40,32,12,63,38,8,1,22,0,6,0,0,91,22
1155,윙,4,1,0,0,1,1,0,0,0,0,0,0,0,3,0
1156,해남집,17,9,7,6,9,1,0,0,0,0,0,0,0,4,0
1157,오븐에 빠진 닭,104,18,31,16,7,4,2,2,11,14,3,0,4,16,25
1158,델리명가한라점,0,0,0,0,0,0,0,0,0,0,0,0,0,0,0
1159,유정설렁탕,42,7,5,6,6,5,1,0,1,1,0,0,0,7,1
1160,우동이야기,0,0,0,0,0,0,0,0,0,0,0,0,0,0,0
1161,황학동순대국,2,0,0,1,0,0,0,0,0,0,0,0,0,0,0
1162,행복두배 통닭다리치킨,21,6,3,3,1,1,1,0,0,2,0,0,1,3,3
1163,하롱베이의하루,74,9,13,21,8,6,1,0,18,0,1,0,0,13,3
1164,엄마손 돼지불백,100,19,41,19,18,9,1,1,2,0,1,0,0,16,3
1165,시골밥상,5,1,2,2,0,0,0,0,0,0,0,0,0,2,0
1166,우리삼겹,329,181,78,50,4,29,1,5,66,36,5,0,3,148,34
1167,제주바다회,13,5,3,1,0,1,0,0,5,1,1,0,0,7,0
1168,영수네감자국,115,42,15,23,2,4,1,3,7,11,0,0,1,34,10
1169,원가네,4,4,2,1,0,0,0,0,0,0,0,0,0,0,0
1170,남도홍어,0,2,0,0,0,0,0,0,0,0,0,0,0,0,0
1171,죽이야기 양천향교역점,0,0,0,0,0,0,0,0,0,0,0,0,0,0,0
1172,호 부침개,14,9,6,5,0,0,0,0,1,1,0,0,0,1,0
1173,생기원,22,6,5,3,1,0,0,0,5,1,0,0,0,5,4
1174,행운,0,0,0,0,0,0,0,0,0,0,0,0,0,0,0
1175,뉴욕바닷가재,47,21,1,7,0,8,4,28,23,12,0,0,0,12,0
1176,하찌방가이,6,4,0,2,1,1,1,0,1,1,0,0,0,2,0
1177,농민백암,500,80,68,146,59,14,3,1,53,9,1,0,1,94,26
1178,이가네,65,27,38,25,1,3,1,0,5,6,0,0,2,26,8
1179,고향양꼬치,0,0,0,0,0,0,0,0,0,0,0,0,0,0,0
1180,토마토김밥 개봉점,138,56,55,13,49,20,1,0,6,0,0,0,2,30,2
1181,꾸브라꼬숯불두마리치킨,6,0,2,4,0,0,0,0,0,0,0,0,0,1,0
1182,숯불직화꼬치바베큐,86,26,15,0,0,5,0,0,12,8,5,0,0,0,0
1183,캘리포니아,12,5,3,0,0,3,0,0,1,0,0,0,0,0,0
1184,태화루,15,4,5,3,5,0,0,0,5,0,1,0,0,5,0
1185,카페어나더,0,2,1,0,0,0,0,0,0,0,0,0,0,0,0
1186,피자마루,33,5,16,3,1,3,0,0,1,0,0,0,0,2,0
1187,5959양꼬치,5,2,1,0,0,0,0,0,0,0,0,0,0,1,0
1188,옛날 은성순대국,61,9,15,24,12,1,0,0,3,1,1,0,0,6,0
1189,폴링,0,0,0,0,0,0,0,0,0,0,0,0,0,0,0
1190,나무요일,6,4,1,0,0,1,1,0,1,0,0,0,0,0,0
1191,퀴즈노스 방이역점,62,16,7,0,18,10,2,0,4,1,0,0,0,37,6
1192,청진동해장국,57,22,19,15,10,4,1,1,3,1,2,0,1,10,5
1193,혜성만두,30,8,11,2,4,1,0,0,2,0,0,0,1,2,2
1194,꾸러기분식,68,20,23,16,1,6,1,0,10,1,0,0,0,3,0
1195,돈카살롱,51,26,15,10,17,20,2,1,5,0,0,0,2,11,2
1196,원조성내볼데기집,133,24,23,24,12,3,0,1,18,3,1,0,0,26,1
1197,우돈생고기,52,32,10,6,2,14,7,0,4,8,1,0,5,23,13
1198,서가식당,7,1,0,2,1,1,0,0,0,0,0,0,0,0,0
1199,육회에빠지다 강동점,0,0,0,0,0,0,0,0,0,0,0,0,0,0,0
1200,명가김치찌개,66,24,18,30,14,8,2,0,4,0,0,0,0,17,2
1201,육전국밥 합정점,47,2,5,9,6,2,1,1,5,0,0,0,0,6,7
1202,시래기밥상,43,12,8,7,5,3,0,0,3,0,0,0,1,8,1
1203,남도간이 횟집,8,2,3,2,1,0,0,0,0,0,0,0,0,4,0
1204,청담수산,0,3,0,0,0,17,0,0,0,0,0,0,0,0,0
1205,현순자 용대리 코다리 찜,220,47,15,32,3,21,4,2,8,18,5,0,3,28,42
1206,부자반점,34,9,5,5,4,2,1,0,3,0,1,0,1,7,0
1207,인기명 교대점,39,16,8,9,0,13,2,3,12,9,0,0,0,11,10
1208,놀부부대강남시티점,98,35,30,30,11,4,0,0,12,10,1,0,0,14,10
1209,홍콩반점,167,53,66,33,48,10,2,6,8,7,4,0,5,23,28
1210,순천회관,17,1,2,0,0,4,0,0,2,1,0,0,0,2,2
1211,고기굽는베베,99,61,31,13,1,17,3,0,16,3,0,0,0,40,0
1212,대청마루,16,4,7,2,2,0,1,0,1,0,0,0,0,2,0
1213,활어마을,30,14,12,8,2,7,0,2,4,1,2,0,0,22,1
1214,마제스티,29,13,1,0,0,11,23,16,6,4,4,0,29,9,19
1215,리츠카페,0,8,1,0,0,10,0,0,5,0,4,0,0,0,0
1216,내고향맛집,22,5,7,4,1,0,0,0,0,0,0,0,0,1,0
1217,책다방 위숨,0,6,0,0,0,0,2,0,0,0,0,0,0,0,0
1218,돈까스회관,99,33,62,22,5,2,1,3,4,1,0,0,0,20,2
1219,빛나는 커피집,0,28,6,0,0,11,5,0,1,0,2,0,0,0,0
1220,서민투뿔한우,28,9,11,10,1,4,1,3,5,6,1,0,2,6,1
1221,신당동 떡볶이,131,242,315,272,32,86,26,28,114,131,30,0,13,111,622
1222,춘천중앙로숯불닭갈비,36,19,5,8,0,9,3,0,4,2,2,0,0,12,2
1223,코페아,0,23,5,0,0,14,9,0,1,0,7,0,3,0,0
1224,파스타 트리오,129,84,25,22,12,62,66,28,44,14,22,0,4,58,17
1225,위대한족보,7,2,3,2,1,3,1,0,0,0,0,0,0,0,2
1226,맥시칸치킨,31,16,8,2,0,1,1,0,2,2,0,0,1,3,1
1227,7번가피자,117,41,58,17,8,13,2,2,19,1,0,0,1,37,5
1228,무채색,67,42,15,0,0,22,38,0,26,5,3,0,0,0,0
1229,소담골,21,13,2,5,2,3,0,0,0,0,1,0,0,9,1
1230,캘린더커피 스탠드,0,11,2,0,0,10,7,0,0,0,2,0,1,0,0
1231,보라매 참치,46,21,11,6,3,13,8,8,8,6,2,0,0,22,3
1232,팽여사 버섯오리명가,21,2,2,2,0,5,1,2,4,1,0,0,0,7,0
1233,콩심 연신내역점,231,79,112,49,67,28,8,3,19,4,8,0,2,42,34
1234,뮤즈,0,0,0,0,0,0,0,0,0,0,0,0,0,0,0
1235,병천순대국,32,11,11,10,14,3,1,0,2,0,1,0,1,6,1
1236,25시,0,8,0,0,0,0,0,0,0,0,0,0,0,0,0
1237,카츠온도,58,33,6,12,12,24,20,0,12,1,0,0,1,36,4
1238,남원추어탕,176,28,31,29,20,9,3,0,6,8,1,0,4,18,8
1239,동화반점,119,24,36,17,7,4,1,3,2,3,2,0,0,14,5
1240,진지방 순대국 돈가스,28,9,7,8,7,5,2,1,0,4,4,0,2,3,3
1241,서초구 돼지숯불구이 김치찜,63,12,21,16,3,2,0,0,9,3,1,0,4,11,2
1242,작은호프,0,0,0,0,0,0,0,0,0,0,0,0,0,0,0
1243,자바라컵스,6,1,4,3,1,0,1,0,2,1,0,0,1,4,1
1244,처음처럼,0,0,0,0,0,0,0,0,0,0,0,0,0,0,0
1245,공간,0,0,0,0,0,0,0,0,0,0,0,0,0,0,0
1246,남구로포차,12,3,6,0,0,1,0,0,2,0,0,0,0,0,0
1247,에어라인바,0,0,0,0,0,0,0,0,0,0,0,0,0,0,0
1248,심심풀이,2,1,1,1,0,0,0,0,0,0,0,0,0,0,0
1249,한마당,18,6,0,2,2,0,0,0,1,0,0,0,0,7,0
1250,피밀,13,10,1,1,7,6,12,0,4,0,0,0,0,10,1
1251,청춘골뱅이.닭발,23,11,2,2,0,1,2,0,2,5,0,0,0,7,3
1252,박가네 양꼬치,28,13,10,6,0,0,1,2,11,4,0,0,0,13,2
1253,김가네추어탕,6,3,0,2,0,0,0,0,1,0,0,0,0,1,0
1254,신화양꼬치,1,0,0,0,1,0,1,1,0,1,0,0,1,0,0
1255,한우집,341,165,70,104,1,138,75,84,94,90,67,0,9,211,118
1256,은행골 논현점,79,35,17,13,11,19,3,3,20,1,3,0,2,45,8
1257,독가마숯불치킨,66,22,16,12,1,12,0,0,15,1,1,0,0,20,0
1258,지코바치킨,16,7,2,2,1,4,0,1,0,0,2,0,0,5,2
1259,멘야시노기,151,63,34,41,102,26,11,2,35,0,0,0,1,24,4
1260,다원황태수제비,61,29,14,1,0,3,2,0,13,3,0,0,0,0,0
1261,홍보네 식당,66,21,49,34,6,23,0,1,5,1,0,0,0,32,3
1262,상록수,13,4,2,2,0,0,1,1,0,0,0,0,0,0,0
1263,청해수사,15,8,3,4,0,2,1,2,1,3,0,0,0,4,0
1264,꼬꼬번 피자치킨 마곡발산점,30,11,13,7,1,7,3,0,4,3,1,0,0,9,1
1265,와인주막차차 을지로점,77,58,16,0,0,51,25,0,14,19,9,0,0,0,0
1266,소해림양꼬치,28,14,10,1,0,3,1,0,6,1,4,0,0,1,6
1267,오전오후,0,11,6,0,0,6,1,0,6,0,0,0,0,0,0
1268,농푸꼬지기,284,89,38,59,42,76,8,4,31,12,15,0,6,74,55
1269,한성,0,0,0,0,0,0,0,0,0,0,0,0,0,0,0
1270,양평민물,8,3,0,1,0,0,0,0,2,0,0,0,0,1,0
1271,본죽신풍역점,97,60,13,22,21,23,0,2,7,0,1,0,0,19,3
1272,착한회집,45,26,16,8,0,3,1,0,4,3,1,0,2,31,1
1273,라이브 음악나무,0,0,0,0,0,0,0,0,0,0,0,0,0,0,0
1274,후와후와 광화문점,163,62,25,13,30,58,32,3,27,5,17,0,40,30,39
1275,갈비씨신월점,41,16,10,12,1,7,3,0,4,4,0,0,0,11,1
1276,원방칼국수,40,15,13,12,1,6,0,0,3,1,3,0,1,10,6
1277,남산식당,666,193,147,332,30,202,76,30,66,23,41,0,56,99,165
1278,차돌집 양천향교역점,51,12,2,3,3,13,3,1,2,2,1,0,0,6,8
1279,옛맛서울불고기,72,24,12,18,3,17,0,1,2,5,0,0,1,23,1
1280,남원골추어탕,70,25,7,9,6,2,1,0,3,1,0,0,2,8,7
1281,컴포즈커피 혜화경찰서점,0,15,39,0,0,4,1,0,3,0,0,0,1,0,0
1282,탐나종합어시장 이수역점,86,37,73,10,2,13,4,5,5,22,1,0,3,49,47
1283,만담상점,43,18,7,0,0,7,11,0,15,0,0,0,0,0,0
1284,맛집,62,27,22,28,3,5,0,2,0,5,0,0,0,7,10
1285,백곰,85,25,3,0,0,9,11,0,26,11,14,0,0,0,0
1286,전라밥상,42,6,9,4,2,1,0,0,3,1,1,0,1,6,0
1287,대정,16,4,4,2,1,3,0,2,1,1,0,0,0,4,0
1288,한솔국시,1,0,0,0,1,0,0,0,0,0,0,0,0,0,1
1289,바나프레소 잠실새내점,0,33,101,0,0,38,16,0,14,0,4,0,5,0,0
1290,왕냉면.왕돈까스,334,68,182,139,138,49,2,2,15,5,12,0,1,35,103
1291,208호,0,0,0,0,0,0,0,0,0,0,0,0,0,0,0
1292,행운동 한식 분식,0,0,0,0,0,0,0,0,0,0,0,0,0,0,0
1293,하루커피,0,14,8,0,0,7,2,0,3,0,0,0,1,0,0
1294,지호한방삼계탕,102,46,2,11,10,36,5,0,12,2,5,0,1,20,25
1295,디저트39 대치점,0,24,34,0,0,15,16,0,15,0,5,0,2,0,0
1296,샐러드로우 앤 트라타 문정점,4,0,0,0,0,0,0,1,0,0,0,0,0,3,0
1297,아트카페미야,0,9,3,0,0,5,2,0,1,0,0,0,0,0,0
1298,참 갈비,0,0,0,0,0,0,0,0,0,0,0,0,0,0,0
1299,진미곱창,24,13,8,5,0,3,1,0,0,1,1,0,0,8,0
1300,계림원누룽지통닭,116,23,16,10,1,4,5,4,31,9,1,0,1,18,12
1301,토닥토닥,22,10,6,3,1,0,0,0,0,1,1,0,0,1,0
1302,고메스테이크 성수점,8,2,1,1,0,0,0,0,1,0,0,0,0,2,0
1303,코비,0,0,0,0,0,0,0,0,0,0,0,0,0,0,0
1304,해어락,62,21,9,14,5,22,9,1,7,4,1,0,1,23,9
1305,시마스시,312,134,24,14,66,88,10,20,44,0,7,0,2,123,18
1306,오월,8,5,0,0,0,3,3,0,2,0,0,0,0,0,0
1307,리또스,1,3,3,0,0,0,1,1,0,0,0,0,1,0,0
1308,성암식당,73,13,21,15,19,0,0,0,0,0,2,0,0,10,1
1309,민차이,67,27,19,17,10,5,0,0,4,1,0,0,0,12,2
1310,까치산 샤브샤브 마라탕&마라상궈,42,5,21,13,0,4,2,1,7,4,4,0,3,12,7
1311,뉴원일 볼링센터,0,0,0,0,0,0,1,0,0,6,0,0,0,0,0
1312,용호동낙지 NC신구로점,70,41,29,25,4,15,2,0,23,1,0,0,0,47,10
1313,당신은 지금 치킨이 땡긴다. 면목점,18,7,6,5,0,3,0,0,2,0,0,0,0,8,0
1314,친한 친구,3,2,0,0,0,1,0,0,0,0,0,0,0,0,0
1315,79파운야드가산디지털단지점,0,41,8,0,0,25,61,0,26,0,3,0,9,0,0
1316,보련각,12,5,7,4,6,1,0,0,1,0,0,0,0,5,0
1317,워커힐,0,36,0,0,0,0,10,0,0,0,0,0,39,0,0
1318,미술,0,0,0,0,0,0,0,0,0,0,0,0,0,0,0
1319,풍성삼겹살,9,4,6,1,1,0,0,0,0,0,0,0,0,1,0
1320,까까,0,13,6,0,0,16,9,0,3,0,6,0,0,0,0
1321,서울왕돈까스,101,31,26,47,25,8,4,2,3,0,0,0,0,11,9
1322,왕푸징 만두,12,5,3,0,1,0,0,0,0,0,0,0,0,0,0
1323,쟈니하우스 교대점,0,0,0,0,0,0,0,0,0,0,0,0,0,0,0
1324,치즈룸,922,497,34,30,4,317,469,288,471,73,68,0,9,163,57
1325,홍천한우곱창,38,24,5,9,0,8,1,3,7,7,1,0,0,22,1
1326,태화관,57,17,17,8,15,5,0,0,0,6,0,0,0,4,1
1327,파파존스 구로점,20,6,2,2,2,2,0,0,1,0,0,0,0,2,0
1328,철따라,43,10,9,7,2,3,0,1,2,2,0,0,1,14,1
1329,바나프레소 대치선릉점,0,6,34,0,0,6,4,0,5,0,0,0,0,0,0
1330,하남돼지집 논현점,32,18,4,1,0,4,0,0,4,5,0,0,1,5,7
1331,아키나이 제면,366,107,137,42,169,38,9,6,67,1,0,0,2,59,49
1332,달인 대보손칼국수,190,44,69,93,31,19,0,2,12,4,3,0,1,34,9
1333,아무거나,9,3,6,0,0,1,0,0,4,0,0,0,0,0,0
1334,지구당 대치은마점,91,27,23,11,40,8,2,0,9,0,1,0,0,10,2
1335,술좋은날,15,9,6,0,0,1,3,0,4,0,0,0,0,0,0
1336,소소한 곱창,32,14,5,5,0,3,2,0,1,0,0,0,1,6,0
1337,신한국통닭,60,19,53,6,3,3,0,0,0,6,0,0,0,6,9
1338,착한부자 다이어트 도시락,4,2,3,0,1,0,0,0,3,0,0,0,0,5,0
1339,백채김치찌개 중앙대점,40,10,18,17,3,9,0,0,0,2,2,0,1,4,0
1340,메이플탑,538,242,70,133,15,239,252,87,157,73,79,0,183,124,292
1341,온봄,0,0,0,0,0,0,0,0,0,0,0,0,0,0,0
1342,논현장어,7,3,2,1,0,2,0,0,0,0,0,0,0,3,0
1343,삼성가,0,12,0,0,0,7,0,0,0,0,0,0,0,0,0
1344,두드림,8,5,3,0,0,1,0,3,3,7,0,0,0,6,0
1345,BHC치킨 DMC북가좌점,34,12,2,5,1,8,0,0,3,0,1,0,0,4,0
1346,도마 착한 돈까스,1,0,0,0,0,0,0,0,0,0,0,0,0,0,0
1347,카페꼼마 합정점,0,158,43,0,0,215,351,0,50,0,85,0,187,0,0
1348,카제,17,2,2,0,0,0,2,0,4,0,0,0,0,0,0
1349,퍼틴,118,32,15,14,22,32,10,2,19,2,5,0,3,27,11
1350,별난만두,19,9,7,4,4,1,0,0,2,0,0,0,0,3,0
1351,교대곱창2,127,30,12,8,2,7,3,3,18,17,3,0,3,21,35
1352,라무진연남점,77,37,4,11,4,23,5,16,13,1,7,0,2,36,1
1353,환이네뭉티기 강서직영점,29,13,2,4,1,6,0,2,11,6,1,0,0,18,3
1354,대박식당,4,0,1,0,10,0,0,0,0,0,0,0,0,0,0
1355,소바의 온도,405,79,60,53,107,97,21,3,21,4,5,0,3,76,23
1356,무교김밥,189,50,54,13,69,7,1,1,4,0,0,0,0,38,1
1357,이노정 족발 보쌈 돼지국밥,169,45,64,69,19,42,21,4,46,9,6,0,7,75,14
1358,용금옥,86,22,15,9,9,1,2,1,28,3,0,0,0,12,1
1359,홀썸,0,0,0,0,0,0,0,0,0,0,0,0,0,0,0
1360,선우네,5,5,1,4,2,0,0,0,0,0,0,0,0,3,0
1361,라베니스,30,20,10,13,0,9,9,3,13,2,1,0,1,7,5
1362,메가커피 장안점,0,94,284,0,0,63,17,0,28,0,12,0,10,0,0
1363,푸라닭 거여점,65,28,6,0,2,11,0,0,11,0,0,0,0,13,0
1364,커피짱,0,8,3,0,0,5,5,0,4,0,1,0,0,0,0
1365,화난문어씨&하루한캔,7,4,0,0,0,1,0,0,3,0,0,0,0,1,0
1366,장원순대국,1,0,0,0,0,0,0,0,0,0,0,0,0,0,0
1367,명품풍천장어,15,2,2,2,0,0,0,0,0,1,0,0,0,3,3
1368,피자컴퍼니 홍대점,15,11,6,4,4,1,0,0,0,2,0,0,3,4,6
1369,따뜻한밥집,10,0,1,0,0,0,0,0,0,0,0,0,0,1,0
1370,놀부맑은설렁탕담다,37,17,10,9,7,8,4,1,0,3,2,0,1,5,3
1371,샤오롱,180,64,15,37,17,23,3,4,29,15,3,0,0,40,7
1372,매란방 월계이마트점,373,103,35,67,40,78,23,5,42,10,14,0,5,82,52
1373,지대방,0,29,0,0,0,6,8,0,11,0,0,0,1,0,0
1374,금봉시식당,1,0,0,0,0,0,0,0,0,0,0,0,0,0,0
1375,장흥수산,7,3,2,0,0,1,0,2,4,0,0,0,0,3,0
1376,행복한hof세상,0,3,2,0,0,0,0,0,0,2,0,0,0,0,0
1377,카르페디엠,0,0,0,0,0,0,0,0,0,0,0,0,0,0,0
1378,그레이컴퍼니,1,0,0,0,0,0,0,0,0,0,0,0,0,0,0
1379,오마텐,40,26,15,3,20,15,19,1,6,0,1,0,1,31,4
1380,씨엘관광호텔,0,0,0,0,0,0,0,0,0,0,0,0,0,0,0
1381,지은이네맛집,0,0,0,0,0,0,0,0,0,0,0,0,0,0,0
1382,강남대가,8,15,1,0,2,4,1,1,1,1,1,0,0,4,2
1383,MY del PLACE,0,0,0,0,0,0,0,0,0,0,0,0,0,0,0
1384,천호누룽지통닭구이,131,46,13,27,3,11,3,2,32,6,4,0,1,19,3
1385,초원양꼬치,31,11,7,1,1,0,1,0,3,1,0,0,0,8,1
1386,제니스에이프론,0,0,0,0,0,0,0,0,0,0,0,0,0,0,0
1387,와촌,60,18,32,27,3,4,1,0,10,7,2,0,1,10,8
1388,브라운,4,2,0,0,0,1,2,0,0,2,0,0,0,0,0
1389,델리커리 가든파이브 현대시티몰점,156,30,15,15,13,18,70,1,73,59,0,0,0,81,12
1390,용상 중화요리,135,45,21,35,7,12,3,3,3,2,1,0,0,23,14
1391,투맨,0,0,0,0,0,0,0,0,0,0,0,0,0,0,0
1392,섬진강,10,5,1,0,0,2,0,0,1,1,0,0,0,1,1
1393,토마 화실,0,0,0,0,0,0,0,0,0,0,0,0,0,0,0
1394,아트몬,0,18,13,0,0,16,23,0,6,0,1,0,24,0,0
1395,한솥도시락 양재교육개발원입구점,39,10,34,11,18,3,0,0,3,1,0,0,0,3,1
1396,삼시네끼,1,0,0,0,0,0,0,0,0,0,0,0,0,0,0
1397,대박수산,40,16,13,5,2,1,0,1,3,1,0,0,1,17,1
1398,명동칼국수 샤브샤브,84,26,8,18,19,16,4,0,5,5,4,0,9,16,18
1399,녹파랑,135,54,23,33,18,19,1,1,10,7,2,0,2,41,9
1400,지새는달,39,28,12,0,0,13,6,0,9,0,0,0,0,0,0
1401,천궁,0,0,0,0,0,0,0,0,0,0,0,0,0,0,0
1402,마루 양대창 마곡 본점,18,14,8,4,0,12,2,0,3,5,1,0,0,4,0
1403,원당,149,42,34,32,27,9,2,1,6,19,4,0,1,17,39
1404,스마일커피숍,0,1,7,0,0,1,0,0,0,0,0,0,0,0,0
1405,동강민물매운탕,0,0,0,0,0,0,0,0,0,0,0,0,0,0,0
1406,함평식당,13,15,10,8,5,2,0,0,0,0,0,0,0,1,0
1407,치킨마루,40,20,38,4,2,6,3,1,1,0,2,0,0,9,0
1408,족반장왕족발,47,9,9,6,1,1,2,0,1,1,0,0,1,5,1
1409,아지매,4,2,4,3,3,0,0,0,0,0,0,0,0,0,1
1410,일등칼국수,72,12,22,22,7,5,0,1,4,1,2,0,1,20,0
1411,아빠는 요리사,28,12,7,10,7,1,0,0,2,1,0,0,0,4,5
1412,서대문삼계탕,77,15,9,8,6,10,1,0,4,3,0,0,0,14,5
1413,죽이야기,15,6,2,4,11,3,0,0,0,0,0,0,0,2,2
1414,전주 청국장,163,38,28,34,30,17,4,2,16,8,3,0,1,42,27
1415,김밥&라면,25,8,13,9,4,5,1,0,14,1,0,0,1,13,0
1416,낙원아구찜,133,35,10,27,2,5,1,5,13,10,0,0,1,41,6
1417,땡구비어,13,10,7,0,0,2,0,0,2,3,0,0,0,0,0
1418,조선옥더옥,48,14,2,1,0,5,5,1,5,5,2,0,1,5,12
1419,콩부자 개봉점,175,47,128,32,51,25,0,2,9,3,2,0,2,34,33
1420,오늘도 커피,0,23,12,0,0,13,2,0,6,0,5,0,0,0,0
1421,이모네포차호프,5,7,1,0,0,0,0,0,1,0,0,0,0,0,0
1422,청담맥주,13,6,2,0,0,1,1,0,5,1,0,0,0,0,0
1423,토담마을,7,5,2,0,1,0,0,0,1,2,0,0,0,1,0
1424,사카,0,0,0,0,0,0,0,0,0,0,0,0,0,0,0
1425,백년옥,743,92,76,103,63,60,6,9,129,20,11,0,8,199,50
1426,할매순대국,36,10,12,6,12,7,0,0,0,1,1,0,1,4,2
1427,거제회직판장,21,12,13,5,0,0,0,0,0,1,0,0,0,8,0
1428,섬소년,9,2,5,1,0,0,0,1,2,2,1,0,0,1,1
1429,정가네,25,15,8,4,0,5,0,1,3,1,0,0,0,9,1
1430,목포홍탁,17,2,5,3,1,1,1,0,5,2,0,0,1,4,0
1431,요기나하러,33,18,16,4,25,19,1,1,4,0,0,0,0,5,0
1432,새촌131,0,6,0,0,0,0,6,0,0,0,0,0,0,0,0
1433,꼬꼬순이,104,31,19,8,1,6,3,0,14,17,2,0,2,6,19
1434,쿠마스시,1,0,0,0,0,0,0,0,0,0,0,0,0,0,0
1435,맨발의청춘,9,5,1,2,0,0,0,1,2,1,0,0,0,3,0
1436,장원닭한마리,139,65,51,35,0,28,2,1,18,7,5,0,0,50,10
1437,도명골 청국장,287,138,201,128,69,65,3,6,61,13,2,0,3,107,28
1438,누아주베이커리,0,50,27,0,0,25,29,0,28,0,0,0,1,0,0
1439,델마르,0,1,1,0,0,0,1,0,0,0,0,0,0,0,0
1440,올리돈까스,11,5,4,0,4,2,0,0,1,0,0,0,0,6,0
1441,KFC 염창동,368,119,152,41,113,57,9,3,47,7,9,0,6,35,35
1442,완산골콩나물국밥,46,19,22,16,9,2,3,0,1,3,0,0,0,8,4
1443,상지원,23,2,6,3,3,1,0,0,2,2,2,0,0,3,1
1444,에이스5차점,48,0,11,7,4,1,3,0,1,0,0,0,0,7,3
1445,각시보쌈,532,87,197,150,25,34,7,6,37,53,4,0,0,123,90
1446,밥상마루,0,0,0,0,0,0,0,0,0,0,0,0,0,0,0
1447,부엉이돈가스 롯데백화점 관악점,234,149,17,25,37,110,12,6,38,7,12,0,1,93,39
1448,마텡,14,7,5,0,0,2,3,0,2,0,0,0,0,0,0
1449,십오야,15,5,3,0,1,2,0,0,3,3,0,0,0,4,0
1450,오가네,59,26,31,12,2,3,2,0,8,6,2,0,0,5,2
1451,미락명가 압구정,7,1,2,0,0,1,0,0,0,1,0,0,0,1,1
1452,충남식당,26,8,3,1,1,0,0,0,2,1,0,0,0,2,1
1453,곰탕반,101,53,21,25,11,57,7,2,9,5,0,0,2,66,33
1454,홍루이젠흑석중앙대점,62,16,18,2,7,22,2,0,10,0,2,0,0,9,0
1455,영영푸드카페,5,2,3,1,1,2,0,1,1,0,0,0,0,2,2
1456,다쥬르,0,57,62,0,0,27,10,0,23,0,2,0,16,0,0
1457,마라일족,1,0,0,0,0,0,0,0,0,0,0,0,0,0,0
1458,케이6송탄부대찌개,52,18,15,26,3,9,3,0,5,4,0,0,1,17,14
1459,불광대박곱창,42,22,20,30,1,10,0,0,1,3,0,0,0,7,4
1460,미라클포차,1,1,0,0,0,0,0,0,0,0,0,0,0,0,0
1461,해오름맛집,11,4,4,1,2,3,0,0,1,0,1,0,0,2,1
1462,미미 쌀국수,67,13,30,16,20,9,2,0,8,1,1,0,0,5,14
1463,족발야시장 위례중앙점,55,20,5,8,0,4,0,1,2,2,1,0,1,6,9
1464,본할머니보쌈,52,9,2,4,0,4,0,1,0,6,1,0,0,6,2
1465,우들목 서초점,161,44,20,16,3,15,18,13,10,36,6,0,3,38,39
1466,남도식당,2,1,0,1,0,0,0,0,1,0,0,0,0,0,0
1467,뉴욕야시장,25,10,14,0,0,3,0,0,4,2,0,0,0,0,0
1468,기후,185,129,30,18,2,55,74,120,132,5,2,0,3,131,2
1469,양재오제섞어,116,13,24,20,5,6,1,1,12,5,0,0,0,12,3
1470,지니샌드,0,62,33,0,0,50,20,0,34,0,0,0,1,0,0
1471,호수로 커피,0,7,5,0,0,4,2,0,4,0,2,0,1,0,0
1472,노원식당,6,1,2,1,0,1,0,0,1,0,0,0,0,1,0
1473,다사랑,77,21,7,5,2,5,1,1,9,1,0,0,1,11,1
1474,화령,31,11,5,0,0,3,5,0,2,0,0,0,0,0,0
1475,비니거니치킨호프,27,14,14,2,0,2,2,0,2,1,0,0,1,7,2
1476,네네치킨,32,19,2,6,0,0,0,0,2,0,0,0,0,5,0
1477,연서 숯불갈비,29,10,6,8,1,9,0,1,5,3,5,0,1,13,4
1478,하남돼지집서여의도점,48,8,7,5,0,1,0,0,3,7,0,0,0,10,4
1479,언덕집,28,10,3,6,4,3,0,0,1,1,1,0,0,7,1
1480,향연,0,1,0,1,0,0,1,0,0,0,0,0,0,0,0
1481,생선지존 진땡이,130,29,20,8,3,7,2,1,9,11,2,0,2,16,14
1482,두껍삼 가산직영점,124,38,7,2,2,19,2,7,7,20,3,0,1,31,20
1483,이디야 상계동점,0,45,26,0,0,23,6,0,7,0,11,0,1,0,0
1484,타르트 앤,0,29,0,0,0,10,9,0,5,0,3,0,0,0,0
1485,우아당,78,18,10,15,14,26,6,0,16,0,0,0,0,38,2
1486,정육도,140,50,18,14,4,22,30,10,26,37,7,0,11,36,26
1487,오봉도시락숙대점,19,3,5,1,0,1,0,0,3,2,0,0,0,3,1
1488,고기는 내가쏜다,29,10,7,9,3,2,1,1,1,0,0,0,0,6,1
